timestamp,frame,ankle_x_3d,ankle_y_3d,ankle_z_3d,heel_x_3d,heel_y_3d,heel_z_3d,toe_x_3d,toe_y_3d,toe_z_3d,ankle_velocity_x,ankle_velocity_y,ankle_velocity_z,ankle_speed,plantar_dorsi_angle,inversion_eversion_angle,triangulation_quality
145.71034622192383,0,-0.015216121781630952,0.27028791747277,0.6019328351509835,0.02726567662857595,0.29819545410829323,0.5456927749738959,-0.12641302818860006,0.3059221991916928,0.5624419877857662,0.0011868035717056786,-8.40501080847024e-06,4.7374828212889015e-05,0.0011877784879211473,51.156419608941334,46.713830330250545,0.6024068270290943
145.96618008613586,1,-0.015201727057642347,0.2703761721297304,0.602173432328358,0.026977137061313026,0.29825293053426294,0.5458124061710342,-0.1269006447565284,0.3074259888824943,0.5649354535399699,5.6265905348144e-05,0.0003449686273248584,0.0009404430414851163,0.0010032957291949466,51.94386770070678,46.10587367410042,0.6023142170502791
146.46138072013855,2,-0.015562438146036096,0.2703122435172868,0.6015534122670301,0.026266332428665395,0.29749475145860615,0.5454733992330586,-0.12628335410738678,0.3072962652302106,0.5644574590289821,-0.0007284140278216857,-0.00012909638650279986,-0.0012520582946679419,0.001454270554670721,53.16731394213089,46.18789383559101,0.6025258695828448
146.70350742340088,3,-0.015888108853477165,0.26638248179861007,0.5926933688291194,0.023960948147245607,0.29845497313288943,0.5481200845615677,-0.12618221683036485,0.3090084359695702,0.5664030285861,-0.0013450425048253582,-0.01623018719426025,-0.03659259106299973,0.040053037792462685,65.73155012233708,41.26016913579158,0.6060613157986969
146.93815326690674,4,-0.016179901219536573,0.2666894411475119,0.5931938376160547,0.019949207518668938,0.298904740793076,0.5506785814305324,-0.12604649503118806,0.3087409824167581,0.5659144173000953,-0.001243543724021351,0.0013081814888154296,0.0021328687500182762,0.0027940774695839714,69.99873459055429,43.68468117080378,0.605844922116283
147.4222481250763,5,-0.016530445210127812,0.2690621389654848,0.5983839275688675,0.01930623463747261,0.29936822020530834,0.551353564438811,-0.12735453569426913,0.3117286334395897,0.5727303542596184,-0.0007241225240786594,0.0049013076217013785,0.01072122511781552,0.01181066627499501,62.83469772523594,44.40010589882346,0.6037549903606725
147.65498208999634,6,-0.017056896773524295,0.2719738969465313,0.6053488097389351,0.019107718659690007,0.3004231226308285,0.5541852274185692,-0.1267172774266523,0.3098352869661756,0.5695509527004233,-0.002262031515586245,0.012511100311666239,0.029926367526374703,0.032515102504985814,60.56525692104005,48.73057376865336,0.6010126974149514
147.8993799686432,7,-0.017394929355608577,0.2819461783738023,0.6267442533507807,0.01875641684151131,0.3097859742072513,0.5713173462670692,-0.12815150143204346,0.31287634023200184,0.5761251205389054,-0.001383124043284891,0.04080346966382939,0.08754349149961921,0.09659554375161444,59.40174618453987,55.011800540071654,0.5926057868273025
148.3680717945099,8,-0.017655800561565575,0.2873429007275308,0.6387662445240789,0.01801396316654525,0.3154803691111767,0.5822181860731808,-0.12645841923066262,0.3070016349361294,0.5671335265869112,-0.0005565943154109791,0.011514436685019966,0.025650097803748453,0.028121514303947832,124.20642680571834,63.71758769164264,0.5880130419479194
148.5952169895172,9,-0.017685893050513674,0.2853225340222749,0.6346259318348436,0.016821069574231306,0.3073211351268728,0.5686696488760135,-0.12438858069534317,0.30076724291806134,0.5561703270113466,-0.00013248129218462827,-0.00889460463907572,-0.018227604106271375,0.02028243314874247,133.8849401518778,67.44077938329934,0.5896087029311506
148.82139039039612,10,-0.01774126047068835,0.2860445149037611,0.6360261489298376,0.016760825542250224,0.3100805166928004,0.5738611592807553,-0.12413747359612358,0.30018825687000456,0.5550186984983825,-0.00024480075888464337,0.0031921564546519023,0.006190900828977754,0.0069697233314360285,131.1616829367421,68.58638617534803,0.58906201379687
149.32130098342896,11,-0.01795674711280497,0.28555675525789204,0.634943711528334,0.016610786392802203,0.308715890221349,0.5719135885163693,-0.12457342657268913,0.30236936854914004,0.5580467729001782,-0.00043105036204436523,-0.0009756937593779258,-0.0021652619820210516,0.002413740287912795,135.2326948637563,66.86784764012253,0.5894722205778822
149.5637366771698,12,-0.018220141987889255,0.2785941789027974,0.619858393622073,0.015993183094643315,0.30625413810901175,0.5682466897320444,-0.12360166664548548,0.29969969988180195,0.5529593899171001,-0.0010864525393106772,-0.0287192708617295,-0.06222399710822563,0.06854051877593306,128.60480672697932,62.70932507084824,0.5952977370715049
149.79255032539368,13,-0.018366690524664126,0.27856411212667387,0.6211182529092057,0.015950779061800348,0.30422264966829216,0.5674645320606438,-0.12510556254409022,0.3032867925849308,0.5593823418919115,-0.0006404711340972291,-0.00013140289644842992,0.005506049560033736,0.005544731891837019,147.83671169747714,60.67592723745952,0.5948938236774876
150.28958320617676,14,-0.018525572301065423,0.2789832539206838,0.6229816263309749,0.0157582107067254,0.3020100551893843,0.5636740019109627,-0.12359547423060159,0.2987866463333463,0.5515390404706874,-0.0003196604943942078,0.0008432878592449706,0.003748994269420073,0.0038559402585323934,143.90483558176143,64.94598823116361,0.5942308442457953
150.5232491493225,15,-0.019046360010426883,0.2853153878981883,0.6376843999712344,0.015465115236023166,0.3015315120952795,0.5643306888855962,-0.12329978499545304,0.2977427574863417,0.5498493482644315,-0.0022287702792726303,0.02709908809241721,0.06292219329150796,0.06854582701384707,152.87258755917637,70.76169403986144,0.5886290981526442
150.75625324249268,16,-0.018958417356429835,0.2846867956460207,0.6366385352772276,0.015237870562127536,0.30179160972192376,0.5649785301492688,-0.12453871461045934,0.3008078937061136,0.5556664886797787,0.00037742965284658054,-0.002697773432282729,-0.004488610821282847,0.005250529662778404,160.54472895566707,68.3009006378321,0.589049793498764
151.25327372550964,17,-0.019703368014560376,0.2836115053069046,0.6360015538309918,0.015221338762888899,0.3026910658234134,0.5677118595635846,-0.12782488557409372,0.3042159742355783,0.5649818152060336,-0.001498832912496101,-0.0021634728866483472,-0.0012815999903449877,0.0029273902312633945,166.42369575558956,64.007255062014,0.5893966370776372
151.53001022338867,18,-0.019598754891031116,0.2803246299540078,0.6314537436791021,0.015325103316427554,0.3015296889012132,0.5676848213501269,-0.1291927718434106,0.3058085590030585,0.56958775653325,0.0003780243095183993,-0.01187727451235436,-0.01643372011550738,0.020280032274511823,84.41742235462732,60.537727748029994,0.5913106899192165
151.77018022537231,19,-0.019033897739203446,0.2594066031486959,0.587077279704664,0.014456244728747394,0.2779934828381573,0.52470505807323,-0.12695812337411824,0.29851802141512207,0.5561185385724621,0.002351905513437692,-0.0870967507704671,-0.18477105220434878,0.20428342367167038,49.75330564190205,49.24266890538999,0.6089701318185877
152.2453727722168,20,-0.019682661486834938,0.2501868425026044,0.5692259425345889,0.011877951799193535,0.247790706822766,0.47134296070065634,-0.1260168009267038,0.29244222551068666,0.5473331202123409,-0.0013652649898227766,-0.01940215751975768,-0.037566534426132926,0.04230309886643951,29.03603000646378,43.27101414031282,0.6164876667645759
152.47955203056335,21,-0.02020279831926626,0.2564563014529745,0.5853699108922726,0.014669127526926047,0.2792148833750776,0.5301111014624009,-0.12841395640375938,0.29381144338410425,0.5535742499624504,-0.002221105473233593,0.026772050584821683,0.06893850664516393,0.07398779426705997,54.27050879262724,48.43275917159134,0.6099782248492049
152.71218752861023,22,-0.020380511615805785,0.26183670512861884,0.5991660319573839,0.018654474838615317,0.2986691127771691,0.5665680692988674,-0.12885635086655284,0.2947169267918993,0.5550404882741526,-0.0007639130658542775,0.023128042456187083,0.05930359373757931,0.06365851193060698,112.58586947965195,44.333555677207194,0.6045229071646778
153.1893675327301,23,-0.020017037657874576,0.26121257470588444,0.5976153712740085,0.01959737567605133,0.3008342719177766,0.5685648681748409,-0.12863148683594425,0.29244507200814907,0.5538623530031155,0.0007617124665598955,-0.001307955943974582,-0.0032496346661371202,0.0035848403167297862,96.53983346029737,41.91829739152066,0.6051379487339524
153.4225196838379,24,-0.02006865297326417,0.2644175498081614,0.6059319706015643,0.02002247473101305,0.30150546949618623,0.5697067923370412,-0.1284731346725366,0.29113956001833785,0.5514321418107908,-0.00022138039535278458,0.013746281503511749,0.03567026633912962,0.03822796313116459,104.76262089216623,49.115894177076555,0.6018957155552893
153.6562123298645,25,-0.020058245104552667,0.26936663812359496,0.6170497503580313,0.020518335740237193,0.30431978868828363,0.5747895337631321,-0.12843587558197023,0.29034827783602235,0.5511822423683402,4.453656924367801e-05,0.021177766607469495,0.047574367210515375,0.052075139917886065,109.78773718402982,55.17008790979868,0.5975211901783353
154.14260745048523,26,-0.02010929495533059,0.26934754972340424,0.6173157012134003,0.020928607646244216,0.30512680618083426,0.5757565704469821,-0.13068493952839372,0.295911438910908,0.5614780722170065,-0.00010495551582173045,-3.9244637500380575e-05,0.0005467794476012754,0.0005581429621459879,106.43577963861553,50.741632106871634,0.5974363964557675
154.3755702972412,27,-0.020152085469403773,0.26933163521295755,0.617287628174073,0.021088472604123595,0.3053515206033027,0.5763576093013247,-0.13140265687525501,0.29809905168483775,0.5655705866078782,-0.00018367956379759315,-6.831351294123068e-05,-0.00012050436246894898,0.00023005699202870064,104.73683023775631,48.82975690589831,0.5974473908558026
154.6174705028534,28,-0.020150872986088537,0.2706385020432235,0.6202079554774687,0.022049549271771537,0.3095126088694287,0.5819492175183315,-0.13227041503634496,0.3002652082093145,0.5699026183534532,5.012328584703061e-06,0.005402504007628312,0.012072446552929132,0.01322614987247643,97.03176722193598,46.65892782117887,0.5963081310321643
155.11429238319397,29,-0.020428333284834493,0.27179880166010617,0.6240412587629025,0.022273579408132727,0.3112453838762696,0.5860122017197136,-0.13249765725848572,0.29829962516884334,0.5712070878543624,-0.0005584703688085428,0.002335443873943899,0.007715649082939115,0.008080682397683902,92.78499501437175,47.151488204849436,0.5948948074554936
155.35061025619507,30,-0.02054423887180714,0.27158222565174495,0.6240990452763548,0.021981232188944447,0.31158995121478184,0.5875492369690601,-0.1322493455834024,0.2983116352745828,0.5709795631271045,-0.0004904647519915187,-0.0009164605520980533,0.00024452874731176877,0.0010678248567812202,93.70646798927531,46.81043177546116,0.5949054120102563
155.58626651763916,31,-0.020400320960774078,0.27160008366959476,0.6255793397450008,0.022415222809672456,0.31317674438229753,0.5912239574082528,-0.132743956705829,0.2993263280282633,0.572797998363294,0.0006107111695277641,7.577994210882092e-05,0.006281583436717384,0.0063116559795868285,92.63596828554769,45.51616594689128,0.5944245592939158
156.0766146183014,32,-0.01917727611640601,0.2711498380780271,0.6248228023629518,0.02434748820217271,0.31546849078846484,0.5954781452842498,-0.13329469059189242,0.3004743937722708,0.5748132488386433,0.0024942379560893685,-0.0009182162446628677,-0.0015428577800693439,0.003073231879159162,87.54569083984174,41.45625431081748,0.594745700981628
156.31074595451355,33,-0.020692587731358108,0.2700425711223914,0.627080216323362,0.024123794111594567,0.3111756426484741,0.5944541558471065,-0.1368063155687631,0.29854527597957453,0.5767099537302838,-0.006472058116898106,-0.004729255697034858,0.009641656674118024,0.012538538157935635,92.97750500316899,42.34643015046725,0.5941533483875859
156.54253339767456,34,-0.020289369352560798,0.26830274472477056,0.6298487059968094,0.02438442139732207,0.31320212989802454,0.6014508135545987,-0.1415208025844413,0.2995212261340986,0.5862407371621519,0.001739604066977929,-0.007506128778564841,0.011944088237447458,0.014213705898680196,80.34225512854606,37.681185440332655,0.5935020433770207
157.0299105644226,35,-0.011513692513436301,0.2670123677428392,0.6280327225617242,0.02893497248668982,0.30948219152923645,0.5978614823057194,-0.1396277925202362,0.2988981236159336,0.5859800785739573,0.018005925262520855,-0.002647594245215064,-0.0037260330581388363,0.01857704018936079,83.69563899110362,40.751698185548875,0.5943414723292978
157.26537609100342,36,-0.011677006200145605,0.24730059215649003,0.5965312510433964,0.026707206731442504,0.28275953763853007,0.5651052060439765,-0.13859042028727925,0.29700271384556837,0.5817903562055731,-0.0006935779053553115,-0.08371406155535129,-0.13378379406854096,0.15781834084724664,88.93605696427042,33.54406640082704,0.6075827119103843
157.50152897834778,37,-0.00898206538907181,0.24631751873649274,0.598961974865361,0.02877722157190707,0.2742542000203173,0.5612814972715464,-0.1359288352662418,0.2949230549798062,0.5770960324545487,0.011411847813421002,-0.004162868517308286,0.010293009114980736,0.015921864886066416,89.1326143034695,39.45560543580794,0.606908543441579
162.51581382751465,38,-0.04044644519333608,0.2892237659037302,0.7180738520777737,0.011524996997239264,0.30871620794950905,0.6402923158088307,-0.1376721649803026,0.31213510787795906,0.5716294082067815,-0.006274948621934016,0.008556802905675853,0.023754509525362004,0.026016736516423587,168.78168381169212,80.96290380231477,0.5633206329905524
162.75049543380737,39,-0.038254646652521034,0.2711079566171152,0.6724033698806137,0.008852859726442236,0.29478182972326483,0.6127835313716697,-0.13690837653677596,0.309969564710871,0.5673138218714444,0.009339456020601626,-0.07719313657679126,-0.19460614284442077,0.20956516076415707,176.81322521739517,69.0117582421396,0.5793712163801474
163.2259922027588,40,-0.037889774308922826,0.2665080768320078,0.6604810675057572,0.008519181692324584,0.29181336623265236,0.6064905130457778,-0.13645553959914206,0.31029745064479186,0.5652423800091324,0.0007673497853683388,-0.009673840256057324,-0.025073361489181094,0.026885785600572833,179.0256585548725,65.20053990380809,0.5836926958358277
163.45946836471558,41,-0.03804036751104721,0.2644649147900286,0.6549636179274565,0.007640313716212751,0.28384664134110027,0.5912942313387315,-0.1368901854832125,0.31245221370270143,0.5669118449654675,-0.0006450046157271365,-0.008751052033985993,-0.02363174695034557,0.025208260681391863,147.37398870479268,63.91748269708124,0.585697636220002
163.70172786712646,42,-0.03610032778421797,0.23435632802441697,0.5811478909186621,0.0051563850535154875,0.26372472600071173,0.5511894242638835,-0.13078212947177223,0.2937091904624757,0.5323188290286995,0.008008105801929701,-0.12428237681486443,-0.30469693148959676,0.32916630903612065,166.61423619514014,43.888319824365965,0.6143783477233837
164.17046308517456,43,-0.039301615607199296,0.2494262325218005,0.6179337078823924,0.0039460530234358224,0.26888266944961003,0.5634181292934933,-0.13459905954545648,0.2992477657404108,0.5408134021266524,-0.006829629393567032,0.03215014344374959,0.07847888434095812,0.08508355216202854,146.3064709007133,60.841341918882975,0.599688329518791
164.40183281898499,44,-0.041225007921912984,0.26520247134751174,0.6568508736412753,0.004782035273037683,0.290388405702862,0.6080888728224352,-0.14146803837208255,0.3133750616325545,0.5653805902960454,-0.008313067932600208,0.06818626864409877,0.16820335623833152,0.18168886421543917,179.02644980983334,62.94411394036731,0.584943536589224
164.63164830207825,45,-0.046104125655264325,0.3061646896060807,0.7576163893710015,0.005396054597798123,0.30891334441197704,0.6506547456449232,-0.14736229104609544,0.3276691549526668,0.5904064722925805,-0.021230587546494154,0.1782395933782495,0.438462693520238,0.4737822538933209,164.18021981615803,85.81438998568491,0.549921732359886
165.1137342453003,46,-0.04617746626344657,0.31181031943066645,0.7716731303897184,0.005537920545937334,0.31593294956712414,0.6710128728065103,-0.15096021971175216,0.3364431441493463,0.6049207041591942,-0.00015213181220773638,0.011710836841358452,0.02915816405010268,0.03142237060417155,165.104753019771,85.7029035210949,0.5453844073451785
165.34687876701355,47,-0.04707676661235553,0.3179510243642044,0.7878619767338243,0.0063322378155342305,0.3317621567911264,0.7079253083929699,-0.15335736318677673,0.3420349128387197,0.614435718160588,-0.0038572656234874244,0.02633861987583129,0.06943695792267623,0.07436459184725741,176.46802180862673,86.5981277105578,0.5402768862465093
165.57854914665222,48,-0.049029669728384476,0.3332192605430894,0.8263128320780543,0.007239770026517168,0.3426427972456233,0.7330072051579455,-0.15743224813602633,0.3512312831131525,0.6301052042301687,-0.008429662519113649,0.06590499917468232,0.1659722550815535,0.17877728486375802,179.00389212793436,90.90813176674604,0.5284523328448838
166.0569612979889,49,-0.04962711078066087,0.33876495965407616,0.8401238717891716,0.007555874367850362,0.345070607116586,0.7388864809245483,-0.16082329802186796,0.35876790128276836,0.6436105338465666,-0.0012487999115556793,0.011591885982603514,0.028868496906965364,0.031133927402758717,175.3830656553714,90.04346534629946,0.5243257032133929
166.28959798812866,50,-0.047813318398601014,0.3134181536547234,0.7768644700129688,0.0064223699097755264,0.3273727364488347,0.7034871983384393,-0.1570103044742493,0.3489224246763647,0.6258337937523594,0.007796673779059152,-0.10895446450911986,-0.2719235806621729,0.2930431660670888,175.25776002976372,78.94487081234766,0.5437536225117496
166.52024340629578,51,-0.04863702462360261,0.3114006970432536,0.7728212848023671,0.005912194642594007,0.32349676214045375,0.6985886624483135,-0.15577895057954175,0.34688545340773846,0.6206022507310023,-0.0035713097253238187,-0.008747004937284482,-0.017529874396516994,0.01991383551415281,172.56052905321087,79.43881660405405,0.545072333622017
166.98501062393188,52,-0.049463321376951586,0.3079179383785542,0.7649839464849442,0.0053668709192801825,0.3149106082210131,0.6862838828654164,-0.15525249647615408,0.3471218870338792,0.6183689687029236,-0.001777872280991923,-0.007493554907795323,-0.01686293271131534,0.01853841132972326,159.70306072431327,78.05531125360532,0.5476116321206838
167.2218418121338,53,-0.049877710038042464,0.29760560517189166,0.7391949007848453,0.0028154443075163256,0.30099240781383646,0.6618829245384492,-0.15453920863999204,0.3491563642365819,0.6148071644480867,-0.0017497216656177977,-0.04354296950902858,-0.10889210114553449,0.11728828335115421,136.8537247161547,72.37861304543503,0.5560452865993858
167.45899391174316,54,-0.05162626724058409,0.2905459022116303,0.7217492334497069,0.001721687399710673,0.29579627429896904,0.6502482593254184,-0.15332274681280164,0.34944022917551865,0.6102385552851654,-0.007373146623714327,-0.029768671548300686,-0.07356320000486624,0.07969994662382998,130.91671364083052,67.7425090189066,0.5618778652578946
167.97173976898193,55,-0.052230171898785725,0.2853010812889143,0.708778282860057,2.231859551046044e-05,0.2918176220334365,0.6417940592722975,-0.1509007437978043,0.343824499642398,0.6005286141513045,-0.0011777855436097948,-0.010228889904562702,-0.02529703635149949,0.027312220994190266,133.98715756990615,67.33529505170384,0.5663068169040635
168.20686411857605,56,-0.05313474799512575,0.28505318073187463,0.7081111403572485,6.548395327443311e-05,0.29223934472404356,0.6423335177329383,-0.1495167357122809,0.34460222213114555,0.5993433532770491,-0.0038472242364584928,-0.00105433808734654,-0.002837402863463828,0.004895264868994927,135.62095510589654,67.06917546121136,0.5665145528746033
168.45664191246033,57,-0.05299704527770659,0.28312980217015504,0.7052985463636655,3.611031879668011e-05,0.2906578976684749,0.6404892597413764,-0.1484432388157049,0.34269359984176107,0.5965586846344938,0.0005513008793846313,-0.007700358513898544,-0.011260384479519044,0.013652681514221792,136.79801717941064,67.18858900036346,0.5675848305511769
168.95195603370667,58,-0.054154590944651894,0.280633246027823,0.6983616922896162,-0.0002626813922338717,0.2878760715896623,0.6342378111054024,-0.14832143607920098,0.34242614825765283,0.5955495134800566,-0.002336993066203357,-0.005040349215261701,-0.014004959229901226,0.015066703018061628,131.78950813697503,64.59931403405518,0.5699357132941109
169.18777060508728,59,-0.05051133779636858,0.27068834518479973,0.6735585518854936,0.0005049959651508813,0.27929827718942435,0.6152017553126142,-0.14549556635819913,0.3399069256825458,0.5898388110673615,0.015449652355888315,-0.04217254593216711,-0.10518069455550817,0.11436867532457329,121.10072352744274,58.6945546986001,0.5788139949689716
169.42665076255798,60,-0.05003808212358991,0.2668855585208632,0.6635248188435386,-0.00044749045707431604,0.2752985727751458,0.6059453794488884,-0.14530771111995988,0.3434936832515052,0.589208771632686,0.0019811426691507985,-0.01591922369861508,-0.04200320842130032,0.04496238569210126,112.1018761793887,55.85367189782333,0.582432970595441
169.89309334754944,61,-0.04904264854506739,0.2604082957668269,0.6473700101056723,-0.0007440321317358651,0.26901704960571265,0.5919717878907097,-0.14382222821108032,0.3418785644385761,0.5852469300655296,0.0021340966938958933,-0.013886516717068139,-0.034634077714328526,0.037375246545734764,104.10623729322174,51.60763878930115,0.5884070334010311
170.12975478172302,62,-0.04633232186144975,0.255957180629579,0.6411412849576698,-0.0002809182660081725,0.26988565815507326,0.5937514065997131,-0.1383319653872074,0.33829738903763806,0.579618868932825,0.011452337779841637,-0.018807944576145548,-0.02631913885654037,0.034316058776508764,118.05073089021738,51.66577338633926,0.5910521622940719
170.36905431747437,63,-0.044093954947420265,0.2434287528568432,0.6127175295552489,-0.00047571657240523356,0.25934978469613784,0.570912582216461,-0.13772682765167693,0.3368976681575205,0.5774653667513471,0.00935382890318425,-0.05235458453105461,-0.1187789826385458,0.13014201225283614,106.01886682073277,41.05055753804413,0.602128248624093
170.85594058036804,64,-0.043730676333737076,0.24483070897513784,0.6162374525454898,0.0006564500777431874,0.25913295634170386,0.5699501696841118,-0.13685537842997839,0.33546217050788074,0.5766587347123182,0.000746126233926053,0.0028794324776437253,0.007229456360754835,0.007817472419031659,102.14774574882641,43.407522973583866,0.6007693930227544
171.08882975578308,65,-0.04359565702392454,0.24376759983177707,0.6136744818883416,0.0024516319940399364,0.2595120811625465,0.5708811813350575,-0.13346929124827464,0.3275676575850082,0.5675771961406094,0.0005797577735071401,-0.004564871430654406,-0.011005108556808692,0.011928394049556321,112.97897559448737,44.29482934725215,0.6017734498906031
171.3304512500763,66,-0.04445617563965957,0.244567573206635,0.6162747388027191,0.0016501928966706565,0.2607047002242359,0.5745676006339879,-0.13127533019671883,0.3264516183045278,0.56567189685976,-0.003561432389333592,0.003310853519874134,0.01076169536151456,0.011809303059363889,118.85766605072475,45.9606927561247,0.6007745101505106
171.84202122688293,67,-0.047384318869834706,0.25409573627991655,0.6355761948708645,0.0018461954668171695,0.2674398001322131,0.5871363861435954,-0.13163774529086114,0.32785651876745314,0.5675575214571094,-0.00572383713456643,0.01862533671885701,0.037729845266976626,0.042464181415680716,123.35729509148433,52.880567290543674,0.5930759675468357
172.07035326957703,68,-0.05003240651594564,0.2627334925852907,0.6526215217382874,0.001007289476271829,0.27787023388492893,0.6012767996423433,-0.13365279973812683,0.3284922203960368,0.5695103299747856,-0.011597529697830082,0.03782980348906445,0.07465148853531427,0.0844892979474409,138.53506638519502,58.444167652822316,0.5864073542783705
172.30294919013977,69,-0.05218941431329772,0.26571793900663804,0.6599621094246293,-0.00025652454006154323,0.2812289986826436,0.6086920536237467,-0.134553683897752,0.33023842196849357,0.5724818100163408,-0.009273626949833842,0.012831035102106392,0.03155939996102283,0.035307666936459835,143.29104140479484,59.72171083931353,0.5836491590813258
172.78913354873657,70,-0.05335772576485353,0.2698941076889727,0.6704521246130902,-0.0012259077744136075,0.2907729155514881,0.6294728903421886,-0.1357627873321984,0.330940246128267,0.5738796709385022,-0.0024030214689088874,0.008589681277258064,0.02157620870144122,0.023347160824242905,171.14977421802377,60.6211623937276,0.5798096276115933
173.0284388065338,71,-0.05401934128829157,0.2715358894253009,0.6718989441457074,-0.0024354796480305385,0.29431034666267397,0.6370151502137199,-0.13667342909856814,0.3315573312391578,0.5749860588156478,-0.002764734588483695,0.0068606170689288586,0.006045916190621367,0.009553267843793227,177.84463827592253,58.86954366073412,0.5791382150907456
173.26414823532104,72,-0.055419517639221184,0.28024391771678125,0.6931696503190358,-0.0021736292945105785,0.30460026663441253,0.6599155406113313,-0.1375353423637837,0.33348989721533484,0.5781599560183783,-0.005940264494864633,0.03694391156215001,0.09024121895661999,0.09769143740654827,163.24145557762716,63.11744655677869,0.5715173870776349
173.7529218196869,73,-0.05572697655506939,0.28177243162737997,0.6952767760608499,-0.002370863653585438,0.3051491085139828,0.6609561677893536,-0.13851819954512004,0.3359314668758097,0.5823252223080251,-0.0006290415965239127,0.0031272432870566736,0.004311046687492381,0.00536287865314305,167.11948058105992,62.75889287540111,0.5706881249940522
173.98681354522705,74,-0.05692088007290468,0.29173224361907607,0.7143584307856573,-0.0021154407804083396,0.3101808960050383,0.6701482168732433,-0.13887103463975473,0.33782605679293265,0.5852532033556124,-0.005104513702133035,0.04258300274921832,0.08158328252416483,0.09216941016786914,175.38681063146782,70.72341951690828,0.5637841695472608
174.22118663787842,75,-0.0576800745324903,0.2971705105414997,0.7270940562965452,-0.0022744701673764705,0.31442705288769374,0.678845740663497,-0.1385349580010195,0.3378334783629751,0.5852670180317014,-0.0032392560553652304,0.023203461032590012,0.05433911105927297,0.059174592304426954,174.36286086592867,75.5298607378688,0.5594113875674216
174.7676980495453,76,-0.05929599945985934,0.30642855925626966,0.7495795428707773,-0.003361310466763419,0.31549716905329067,0.6812887071587519,-0.13796257051399363,0.33837399085893916,0.5856931413260116,-0.002956799973198069,0.016940266053242625,0.04114367256422139,0.04459279170570074,174.1060169085157,86.0631320340187,0.5518876385665723
174.99891686439514,77,-0.05921794672024489,0.30582397797207905,0.7474235503974106,-0.0038392668571314496,0.3151458692610013,0.680409781999685,-0.1378186499732531,0.33876180622396485,0.5858952811173598,0.0003375708835162624,-0.0026147581656934156,-0.009324468144025244,0.009690026859374536,173.89025688011264,85.63113152892976,0.5525659075258218
175.2331669330597,78,-0.05672447344427502,0.2910588982089719,0.7088006841957991,-0.004205889410505294,0.3052024477521324,0.6576697515195492,-0.13710734911225098,0.3386821489481587,0.5842862123988295,0.010644493255370447,-0.06303127186806053,-0.16487878284005944,0.17683681602197113,170.9383592019948,73.13891911634904,0.5655052304470993
175.72399473190308,79,-0.05648045377108806,0.2912113289523274,0.7051626855051721,-0.004775897410906026,0.3023535763589704,0.649224156516702,-0.13569545908580372,0.3378230529430642,0.5814253269231103,0.0004971594391393038,0.00031055849671649904,-0.007411965457538826,0.007435109012755418,163.6484954416872,74.63059554517017,0.5665673091087275
175.95903205871582,80,-0.05680391776413183,0.28723029950041934,0.6954824015609253,-0.004919845703911762,0.3006007553014907,0.6453912777447904,-0.13611156584249934,0.33953163164921835,0.5841293126212589,-0.00137622392762097,-0.016937860491749675,-0.04118615572903938,0.04455428749372629,162.50988568221337,69.02365468708587,0.5699299216122785
176.19592142105103,81,-0.0572258911745601,0.28858219214510744,0.6984855465241968,-0.0048236151013916415,0.3011447491910838,0.6465701161827014,-0.13589581237673612,0.3398469515977349,0.5843197073514266,-0.0017813100861454876,0.005706852478986102,0.01267741587746748,0.014016351314453345,161.73305353427116,70.13715443292018,0.5688554203238123
176.67619013786316,82,-0.057480863438502144,0.2898825407228886,0.7016836437391961,-0.00447445761214437,0.3130638757442263,0.67226668993482,-0.13567611769877366,0.3404846078633108,0.584591682342332,-0.0005308950073501835,0.0027075437817654464,0.006658974659493184,0.007207952993380191,159.12825394645498,62.781626432452875,0.5677374296999571
176.9081428050995,83,-0.0577755680145039,0.28969240502807686,0.7013615111639664,-0.0044762326789939315,0.3110105424559603,0.6683921889475058,-0.13561824963797361,0.3408765557833234,0.584607099853154,-0.0012705375605855365,-0.0008197176479028005,-0.0013887858202618491,0.0020530291692283193,166.73218416219137,64.31368456918521,0.5678492823011873
177.14082622528076,84,-0.05469608030335539,0.2695266507163126,0.6524540997132154,-0.004847229871800986,0.2948066033271421,0.6338036485571341,-0.13573204551718324,0.34152845377676055,0.5842946265863888,0.013234667552803722,-0.08666605594869597,-0.21018863919332595,0.22773982024423814,169.75927923973885,41.23266492040822,0.5854634809572165
177.63415384292603,85,-0.05530339233548669,0.2727394937248541,0.6584227436917464,-0.0048625321021222,0.29267417914495725,0.6286718323501035,-0.1360371765860618,0.3430290559510529,0.5852720008433908,-0.0012310521657597432,0.006512595065885356,0.012098742833454709,0.013795251432180846,164.58155252704927,48.839928809750134,0.5831520188535995
177.8642864227295,86,-0.05816221564388992,0.28048809631470323,0.6772406763269788,-0.005457735387106203,0.2984344575198512,0.6411338001737014,-0.13648134460422945,0.3442108682120653,0.5870141864422979,-0.012422505804457,0.033670167850490415,0.08176996343283065,0.08929908047314053,166.20315770072713,56.85751934792265,0.5762590130974621
178.09687328338623,87,-0.059687468452146335,0.28788732914313603,0.6931983880220418,-0.005641292506792036,0.3053064629188974,0.6547956927145385,-0.13709006150853856,0.34569196964949783,0.5890794842656207,-0.006557777184616855,0.031812772258674175,0.06860968693590165,0.07591011830993141,172.82607896202387,61.95802799767608,0.5704600096615903
178.57377004623413,88,-0.06274727858908863,0.29995845393122855,0.7227115570882859,-0.00581934625715313,0.31276294184061476,0.6711411766211662,-0.1373115381133848,0.34639390653851515,0.5906426994500636,-0.006416084937691594,0.025311819514158545,0.061885865800386956,0.06716929908007463,171.26969083007424,73.64771835334133,0.5602242316077195
178.81403040885925,89,-0.06613751025763255,0.316508068624335,0.7628524486493847,-0.00583874901507447,0.32024427347123524,0.6871261933684875,-0.13805954858759317,0.34790251184170545,0.5932002479497777,-0.01411065741973301,0.0688820016430625,0.16707246722893934,0.18126513759997243,166.41654213057356,86.8595595806714,0.5468813575673548
179.0522060394287,90,-0.06702584726980115,0.32139654305640164,0.7752586734543105,-0.005162323027432947,0.3229165729618387,0.6930939209511083,-0.1382180665119331,0.349242568918065,0.5955384192521025,-0.0037297561049577698,0.02052466249539763,0.0520885565633376,0.05611052108120609,165.95792159005228,89.27175881073507,0.5429143828902864
179.54693579673767,91,-0.0664748485563627,0.31992727369816426,0.7708726255886722,-0.005135520304421637,0.32585627093295594,0.6989072370171135,-0.13828538704109525,0.35083220999429604,0.5975591517219686,0.0011137367528397085,-0.0029698422957805167,-0.008865542856156204,0.009415849560755266,170.86582066433834,86.83442342835947,0.5442865375388268
179.7961676120758,92,-0.06642520539789605,0.31840342154539814,0.766489410538676,-0.00525866892828794,0.32492401462378645,0.6969447393751431,-0.13802576351801368,0.3523249393643838,0.5991519887475016,0.00019918467631948719,-0.006114195937218942,-0.017586900147757732,0.018620475915002443,169.70391832189134,85.04182733527553,0.5456591713140265
180.0388901233673,93,-0.06600946935874846,0.32084305612082015,0.7674562316317365,-0.0029357476506094954,0.3240373180940706,0.6941300791000057,-0.1339117662516999,0.35149131989692617,0.5963724724262892,0.0017128037977833,0.010051126129343928,0.003983236198060451,0.010946460794577407,166.80763026186224,86.03537364717526,0.5451261163401736
180.58535814285278,94,-0.06452595255715719,0.31194755061358204,0.7475655529144714,-0.0018295931800077078,0.32078914193091423,0.6879102952063385,-0.13287432603699384,0.35111940527470054,0.5953392619417132,0.0027147367251025476,-0.016278181320864237,-0.03639861438916989,0.03996508616346322,170.28948952507236,78.81386732175017,0.5516917578148114
180.8236632347107,95,-0.0651019129219858,0.31405007033618526,0.7526098622112075,-0.0017340380063737336,0.3257672450721686,0.6984943945306452,-0.13069761536418242,0.3499520410020281,0.5925149902471685,-0.002416903308016723,0.008822806538505923,0.0211674423631025,0.023059573998915752,179.36226327763188,79.90956828461444,0.5500248065009896
181.0653486251831,96,-0.06546384842928873,0.31411525777962296,0.7528120534424684,-0.001776865564973886,0.32554092361745196,0.6979469017912281,-0.12952421855007798,0.3494675594598969,0.5898449791364383,-0.0014975481413893892,0.00026972024792346137,0.0008365885536798375,0.0017364561198218715,179.2834062511812,80.98273870026837,0.5499522386446442
181.55421018600464,97,-0.06597592380741311,0.3142781771259369,0.7532417488150952,-0.002073529945608712,0.3254725130423087,0.6978576677640831,-0.1295720722298714,0.3508462351510107,0.5899576708624933,-0.0010474854624770162,0.00033326274628787484,0.0008789714861293691,0.0014074376453656824,178.1935670458097,81.15611971320826,0.549801381500443
181.78541898727417,98,-0.06618224240037572,0.31458031365414013,0.7544995111448856,-0.0021207140617376637,0.3245313790712997,0.6965769825693062,-0.12967275268973436,0.35114849098488826,0.5901607649032264,-0.0008923474877675225,0.0013067691478188873,0.005439941398788375,0.005665411906196047,175.70536695030694,81.95707275855925,0.5494118287254629
182.02215123176575,99,-0.06477175314872759,0.30732966999083544,0.7370433932674472,-0.0019440710966650134,0.3219458360294682,0.6913801589220959,-0.1296551081343454,0.3510467110960612,0.590013751385968,0.005958162795598039,-0.030628035816906495,-0.0737378125862338,0.08006772937271979,178.26888485389367,74.44932397218591,0.5551934284804357
182.51010131835938,100,-0.06481216267786956,0.3027670382658956,0.7261077561469974,-0.002804369502790148,0.31791440134156973,0.6842749588967941,-0.12980247958986457,0.35123887311933355,0.5900170257352366,-8.281488261242004e-05,-0.009350611569292826,-0.02241138473156399,0.02428396509243815,179.56585372679913,70.58787429352567,0.5588567069322377
182.7553210258484,101,-0.06909113057590902,0.3158668526213058,0.7577572985528125,-0.0044708694616973944,0.3304060102792789,0.7113916545097861,-0.132753027091171,0.35725457744297245,0.5998984553597997,-0.017449526964431125,0.05342072417241215,0.12906606377561658,0.14077041088566472,176.1293758987745,76.65450807290654,0.548288376800676
182.9912188053131,102,-0.06965299910813404,0.31779313098522155,0.7634955586239127,-0.005272576604295717,0.32684283840658807,0.7048139675726188,-0.13345888052400193,0.3584484886444441,0.6020888077538605,-0.0023818305263405334,0.008165733345547696,0.024325197482235664,0.02576950814968267,171.66526241089983,81.05638169482916,0.5464715674246373
183.47504687309265,103,-0.06996019788486241,0.31731322806547063,0.7629395786535557,-0.006020979592946497,0.3247135587169542,0.7004229018622483,-0.13331246493586824,0.357710275333019,0.6011688117791932,-0.0006349337650835659,-0.0009918873081368835,-0.0011491271535953803,0.0016454405286173205,168.361670972013,82.30040865583679,0.5466715293512595
183.7032232284546,104,-0.06706799783175837,0.3012990124435121,0.7252143209393188,-0.006156748889927386,0.3137565111062738,0.6770756508946818,-0.13162086427467548,0.3517430859089227,0.592898339721117,0.012675283766875668,-0.07018350168910546,-0.16533377288105156,0.18006010991610172,170.22075527071217,72.1783552779348,0.559230335810095
183.94337606430054,105,-0.06921773990648032,0.3117583096154389,0.7503799216735396,-0.006793833223822151,0.31581510865922263,0.6800234584819714,-0.13236003806701394,0.35334148761787465,0.5957793938296778,-0.008951558148998744,0.043552669844949043,0.10478993781428415,0.11383275675762043,159.28955504521534,82.27709180854126,0.5508098225695868
184.43806982040405,106,-0.07084303020687928,0.3204335880183835,0.7719953720918968,-0.006462598820639476,0.3236704217513587,0.6987274356470204,-0.13299442404663284,0.35508058301124107,0.5989218618705301,-0.003285447370916204,0.017536664443222348,0.04369460934500686,0.04719690297078824,165.06007783345967,86.95988783867348,0.5438174506959123
184.67405223846436,107,-0.07236725193987657,0.3281262868550345,0.791450874886402,-0.006646323595288264,0.33028960075296576,0.7135937469434395,-0.13556614206996317,0.36204033826784554,0.6112544772521502,-0.006459047862658123,0.03259861009935572,0.08244471327322996,0.08889049120354227,164.35510047756037,88.27483349355028,0.5376851088731389
184.913227558136,108,-0.07275085141899143,0.3273502976976023,0.7899853238167492,-0.007309552004448051,0.3280275704437879,0.7087214214140919,-0.1356305794026064,0.36166544686039476,0.6106809182666438,-0.001603842234397385,-0.0032444365852527268,-0.006127517971606875,0.007116540954770681,161.540317090977,88.5364700970386,0.5381517491198198
185.39308285713196,109,-0.07310310579495767,0.328002865063474,0.7941648955764241,-0.007529112313365652,0.3265090274815177,0.7068836873992067,-0.1356060958116127,0.361390404482353,0.6105709882191357,-0.000734084580712732,0.0013599253092277247,0.00871006690646123,0.00884610324003453,159.1106998798827,90.02544583255032,0.5369592893820351
185.62946033477783,110,-0.07139470686558168,0.3192623182713736,0.7735532072743305,-0.007531251990331027,0.32391550217712,0.7011777762255194,-0.1352373910443314,0.3594967405324202,0.6079399278568601,0.007227418391930763,-0.03697707107779085,-0.08719819040024081,0.09498980877536634,162.79086221063363,84.70816035086465,0.5435116353965214
185.87415289878845,111,-0.07158845601836103,0.3218051797751971,0.7802935125950212,-0.006700008616960674,0.32338051489923025,0.6999676984320758,-0.13546739888579906,0.3593399525907887,0.6078449192879536,-0.0007918064595168597,0.01039206693552478,0.027546016152735057,0.029451740501174134,159.80071460710099,86.64887305214147,0.5413955996554567
186.39842700958252,112,-0.07086284658327612,0.3194688772995967,0.7758427321766794,-0.006122252053121995,0.32237699741667913,0.6979898649278612,-0.13469835979621056,0.3567794580828261,0.6041097107222558,0.001384026828992002,-0.004456261385979622,-0.00848941484369813,0.009687309233834998,162.01383313087274,86.38903469828891,0.542879440475172
186.63411021232605,113,-0.07070013812044404,0.3181498916380182,0.7749629986169815,-0.006113753357994752,0.32113488264990747,0.697030017164887,-0.13436794168158878,0.35497246689186407,0.6025799646859381,0.0006903693642059616,-0.0055964347319814095,-0.003732695200409643,0.00676237421528291,162.4829505325207,86.71900266571359,0.5432699977458298
186.86907505989075,114,-0.07166294821978768,0.323138604716089,0.7875604777093943,-0.006245329102928431,0.32495045410492573,0.7058528954133657,-0.13446759360849386,0.3550733134383449,0.6027527105301828,-0.0040976772028783175,0.02123174223623885,0.05361431389835504,0.057810660709218885,164.98349521191355,90.12001104749288,0.5392909516406392
187.34711456298828,115,-0.07175001459872545,0.321343290353888,0.788314193099166,-0.006256660560725842,0.32417559841069915,0.707479756995301,-0.1344238152377846,0.35370955181190095,0.6021133227206349,-0.0001821321844190828,-0.0037555774168620162,0.0015766801381221153,0.004077187035763017,166.34867642590993,90.40873659427581,0.5392835983383455
187.57531666755676,116,-0.07215047815206675,0.32612078935052863,0.8039581320148936,-0.004300241276311329,0.3337139879639161,0.7303421130909826,-0.13513789089050252,0.354355306879519,0.6048215529004283,-0.0017548635412393027,0.02093538534920463,0.06855300018073705,0.0716999563427217,176.55053924580253,91.14573596040677,0.534593613790048
187.80811595916748,117,-0.07140024693125953,0.32359387619191793,0.8006013831563147,-0.0034559275386307747,0.3333369001409295,0.7315853337646274,-0.13580359012029417,0.3554945956169169,0.6073695217487435,0.0032226525073012035,-0.010854470995711414,-0.014419068182527108,0.0183334273127509,177.9212927405187,88.6329387535842,0.535770185407649
188.29098773002625,118,-0.07098331397495708,0.32214409950104217,0.7987131572838972,-0.002565556073212546,0.3308075598950378,0.7287304342377444,-0.13568883640402316,0.35592481772840606,0.6080869701441073,0.000863444461789417,-0.0030024051484670556,-0.003910408490144944,0.005005124131720807,175.29634282770473,87.83240453822421,0.5364370294541261
188.52840757369995,119,-0.0705006292580571,0.31847133087433166,0.7958487813356838,-0.002486492411899744,0.3288432054685632,0.7308752195149665,-0.13700897261436545,0.3605365181212903,0.6164717654757531,0.0020330428553535338,-0.015469509919137666,-0.012064602115356598,0.019722921299641937,173.58534458426638,84.06944922641446,0.5376059083059376
188.76210165023804,120,-0.07088334776696141,0.31805918960162155,0.7949719372060199,-0.003300024742859043,0.326032981655295,0.7260533335664737,-0.1366538078445183,0.36003595488337503,0.6156491439309975,-0.0016376902426191308,-0.001763593150564692,-0.0037521025036380486,0.0044576410049818405,169.481589459446,85.18196566301236,0.5378755408829645
189.26172971725464,121,-0.07081001650405291,0.31768966124372944,0.7946853981493966,-0.0033317232077158298,0.32127244745328254,0.7167838383821159,-0.13602812651040913,0.3593989415364811,0.6145629253131467,0.00014677170429270502,-0.0007396068841741712,-0.0005735047238923732,0.0009473478477442582,162.17866879886606,86.70928644706638,0.5379935890633878
189.499609708786,122,-0.070720156077028,0.3178145154191085,0.7950685753602409,-0.003286934974913749,0.32067551508319014,0.7160569948035553,-0.13648192786359112,0.3611950821695715,0.6173115605990356,0.0003777552977298708,0.000524862030536041,0.0016108005064970298,0.0017357584762265996,159.76328126075896,86.07232745417193,0.5378797554778968
189.72848558425903,123,-0.07075113307082978,0.3175797301665047,0.7949779272030482,-0.0033715522914687505,0.32385020262667064,0.7238836015144692,-0.1361239513939998,0.36079091039180894,0.6167407830909537,-0.00013534407563819557,-0.0010258191350160906,-0.0003960581559999951,0.001107919211634871,166.01723432253664,85.44323620872146,0.5379284130560333
190.2363142967224,124,-0.07123213890794347,0.31998813217581845,0.8012332125353832,-0.0035146060698134753,0.3279948919597838,0.7335565178385305,-0.1365146670892655,0.3622026907636357,0.6192928738022364,-0.000947181254837727,0.004742547930445003,0.012317707090628674,0.013233095676092124,170.08079979279094,85.64940935855192,0.5359910907841072
190.46846628189087,125,-0.07134171284590646,0.31987103844807163,0.8006320495549448,-0.004152962530703636,0.3259688449222349,0.7289865206943698,-0.13677920359075413,0.36320261002931564,0.6208600801436018,-0.00047199225060891184,-0.0005043839175523431,-0.0025895233245673372,0.002680076653642315,165.8634160859098,86.02803688305673,0.5361608265298025
190.71023988723755,126,-0.07162116919403809,0.3220004041040412,0.8056905670808728,-0.004185911984869189,0.3307432253712411,0.7391276112807323,-0.1397295775651864,0.37172422302829583,0.6354023046545305,-0.0011558596221904328,0.008807270971189137,0.02092253833363898,0.022730082352441082,165.924214233786,82.05218241125287,0.5345867196517083
191.21254777908325,127,-0.07185331715253736,0.3218898490349217,0.8057923829705239,-0.004873366049035389,0.3285070189377876,0.7349871435150228,-0.13884597874605809,0.3699454323903835,0.6324766230146042,-0.0004621626740648111,-0.000220094230877543,0.00020269617759132385,0.0005505647538432219,163.32880504769687,84.01205772061628,0.5345660087835967
191.44424176216125,128,-0.07240790188837871,0.32244957644185473,0.8073876286212983,-0.006212056409892182,0.3257825120546884,0.7296441555664644,-0.1377014602648797,0.3670002828750711,0.627371249920423,-0.002393608709530659,0.0024158046725996024,0.006885140604783598,0.007679234077571469,160.50452324819452,87.46266688499747,0.5340723372299335
191.67534351348877,129,-0.07223303286905819,0.32164896592066455,0.8053526009303793,-0.006195693843279904,0.3258356244386421,0.7291596457988938,-0.13737866072213803,0.3657895811377546,0.6252691921637497,0.0007566754397836785,-0.003464320441499233,-0.008805764903248156,0.009492922067195025,162.1094992360436,87.46162863336751,0.534698813104602
192.1685769557953,130,-0.07231359043464712,0.3220812150592735,0.8063474895210897,-0.006204082756965642,0.3256111123790458,0.7286484680541109,-0.13757395323953686,0.3664267213204961,0.6263312742207886,-0.0001633254331097637,0.0008763581329514419,0.002017074483145297,0.0022052818969117067,160.85350618278142,87.5206824255415,0.5343881621554065
192.39844942092896,131,-0.07287413122350912,0.3245207278189321,0.8114295242439242,-0.00625171949530817,0.3312670556658786,0.740821512001413,-0.1377459766111674,0.3674556374593462,0.6272756991283112,-0.002438486003689292,0.010612461819818458,0.022108062050317377,0.02464420758490677,167.78004462409234,87.47431957150488,0.5327790953051227
192.62813925743103,132,-0.07296070531480256,0.3251986014751859,0.8124021212581694,-0.006359688130077771,0.33341724881000073,0.7447108830000414,-0.13777867865063478,0.367753625901239,0.6274036415934969,-0.0003769173795926965,0.0029512566449482413,0.004234392905914831,0.005175139203640036,170.60761247944495,87.21787640621264,0.5324505909349652
193.17063450813293,133,-0.07313933336631251,0.325537260557811,0.8129572940911829,-0.007142488311129435,0.33199536811816865,0.74110240068986,-0.13770308304180154,0.36662551100914564,0.6252923197836179,-0.0003292711803077213,0.0006242618385818499,0.0010233690199042897,0.0012431437986776502,168.4877830537358,89.00705777089624,0.5322652703952483
193.40537762641907,134,-0.07363687937469024,0.32847078674894004,0.8200207477472387,-0.007123569253051653,0.33670641204560975,0.7517265643674482,-0.1379367133694145,0.36737843776191575,0.6264809790456852,-0.0021195339484723994,0.012496750543942638,0.03009014154547434,0.032650847102991654,173.11549164543501,89.51125900007548,0.5301032068769382
193.63556361198425,135,-0.07389594528687916,0.32893064879014794,0.8210987345704873,-0.007427833771903304,0.33044827178080033,0.7380299827929806,-0.1376313604523246,0.3658589499762126,0.6237930891172492,-0.0011254634444961048,0.001997784704741188,0.004683112312862311,0.0052143410538895004,163.82447392996568,92.59747755707565,0.5297692485764462
194.12379336357117,136,-0.07418272339188003,0.3296995494832562,0.8229622033681975,-0.0074908705870733545,0.3313285942207127,0.7402175578845211,-0.13688296231979974,0.3645738331038409,0.6216116590462446,-0.0005873835096463158,0.0015748747195537826,0.003816786649427329,0.0041705047772350925,165.4696847919079,93.64092525035612,0.52919938898082
194.38109064102173,137,-0.07444005432840184,0.3307340463311016,0.8256886470526584,-0.007306475836300544,0.3326705870781426,0.743862530685911,-0.13680489958350056,0.36413701114859043,0.6207972829404004,-0.0010001308178289976,0.0040206288154143975,0.010596473120415464,0.011377651792694279,167.01312994071958,94.17401555875105,0.5283809672226736
194.63266611099243,138,-0.07468579146371135,0.3300673447764355,0.8241860264946796,-0.007764223671839913,0.3270222820873602,0.7319474345227731,-0.13629849319458523,0.36261116259437043,0.6182521537974642,-0.0009767929096510342,-0.002650105571674863,-0.005972842098451689,0.006606968038548655,160.72803105005625,95.53254970429948,0.5288326530470804
195.14144372940063,139,-0.07477559865602623,0.3296888614171363,0.8269391021299854,-0.006998033562174609,0.3237177475687602,0.7283838341094355,-0.13644694533787652,0.3628688409174556,0.6188246970363841,-0.00017651561127209278,-0.0007439072506438781,0.0054111571258171,0.005464904134462422,156.86847808185226,95.72617964557776,0.5281580897821005
195.37361407279968,140,-0.0752982664826477,0.330625623557506,0.8341419598855769,-0.0064391483687993144,0.3264742452581656,0.7414206517944101,-0.14013397161085156,0.37314784074989277,0.6366874031239754,-0.0022512256258462927,0.004034805335837469,0.031024021630581027,0.03136618543991808,153.41664006093947,91.47499683580698,0.5261964328306813
195.61924505233765,141,-0.07112773648713662,0.3106184704855152,0.7857016276166717,-0.005723610805862688,0.31693419408960993,0.7212742903959722,-0.1382526934143556,0.367772567975492,0.6275959971765833,0.016978843643240447,-0.08145207542478805,-0.19720774781756892,0.21404115847599225,157.11044959700325,79.82355492379638,0.5411659415220291
196.10967111587524,142,-0.07034928643517173,0.3085074446331014,0.7839099107680569,-0.0035063501386118604,0.314950261951593,0.716538521465795,-0.13816471704468272,0.3671812362830722,0.6267887827679658,0.0015872933961741048,-0.004304473210877702,-0.0036533883123799956,0.005864745187110559,155.26486445845273,78.9090316286228,0.5418984531244079
196.35040950775146,143,-0.07000849663870225,0.30873530133505045,0.7859137030715125,-0.0032325812580094723,0.31407805684278794,0.7144431974762302,-0.13788000206571432,0.3666338403398101,0.6259356515271305,0.0014156021971132213,0.0009464909197623168,0.008323526163977529,0.00849593211155096,153.5733345935957,80.26295683707438,0.5413372078129627
196.58360743522644,144,-0.06507429390373481,0.28174628343463287,0.7186961581608486,-0.0036256163038938215,0.2970460522369376,0.6770881268714404,-0.134382473951638,0.3564606696032012,0.609005760022791,0.021158861866372808,-0.11573438148721868,-0.2882424626946009,0.31132918558008293,159.0782858197584,61.607704704686824,0.5634796749616267
197.0704538822174,145,-0.06487614715221329,0.2810527377709785,0.7174927767214855,-0.003535568428312298,0.2917107667868469,0.6648105577425678,-0.1328325332033718,0.35217243610286725,0.60178656251929,0.0004070005085714395,-0.0014245675776026353,-0.0024717884803326672,0.0028818016046631883,147.62573891257543,66.64382988806054,0.5639198500145511
197.30244755744934,146,-0.06501387154298821,0.28170826070528593,0.7218188047313701,-0.0032866600281776384,0.29189615525752927,0.6661625925397698,-0.13270001054475813,0.35046299130101055,0.6010393183352454,-0.0005936557996127672,0.002825606920757971,0.018647180814561723,0.01886938880859706,148.40741200812732,68.7517503949618,0.5625670462913316
197.53762698173523,147,-0.06516096331386076,0.2819866848135459,0.7246965838342413,-0.003270528399637452,0.29222957960703866,0.6679925572466292,-0.13249567754920952,0.3484550732902291,0.6000707326567469,-0.0006254448973127033,0.0011838795383795912,0.012236525842383866,0.012309562005705018,150.62150912686772,70.22271246087642,0.561687014009648
198.03484511375427,148,-0.06498228200874819,0.2805041249225401,0.7221615591218674,-0.003266405627985639,0.29241065048377063,0.66872833496075,-0.13230419801503762,0.3473208616658368,0.5993002930756903,0.0003593620055387094,-0.0029817092248538173,-0.005098415663322572,0.005917226819094912,154.22173258179467,69.1680290787588,0.5626049359767763
198.26832032203674,149,-0.06503038647524755,0.2799839374489191,0.7226241935224336,-0.0033018859458067104,0.2921031416021491,0.6690543533076166,-0.13211006783228216,0.3459045213322942,0.5982216011003729,-0.00020603672164267153,-0.00222802017159649,0.0019815140287033537,0.0029887995686653708,155.52887142734863,69.75920447110055,0.5625269721397311
198.49898767471313,150,-0.06510528259036671,0.279495338668345,0.7213670376935234,-0.003558975957179088,0.2927142527662373,0.6704476230844881,-0.13193037847608816,0.34526619477916387,0.5971437062189061,-0.0003246931750426012,-0.002118196506375908,-0.005450081315468447,0.005856241836089134,158.91606694402842,69.32980677762545,0.5629506059086982
199.05252480506897,151,-0.06489745907221389,0.27880848216639886,0.7192931056271447,-0.003566330198232394,0.288803608563552,0.6608367391819782,-0.1315664057293057,0.34412738127767095,0.5957035872301137,0.00037544639149902215,-0.0012408499164357257,-0.00374669006403515,0.003964638059640237,149.3584478853046,70.59461004339609,0.5636460539966053
199.3017385005951,152,-0.06429253861041463,0.2757911876671122,0.7115134440083409,-0.003401424231008773,0.2837225418813506,0.6492446599980176,-0.1310588200054284,0.3429403397421501,0.5937916712792892,0.0024273162858172515,-0.012107257961552891,-0.03121683020822684,0.03357034476957667,140.3784127284035,69.12048911733363,0.5663163779971403
199.54283595085144,153,-0.06415870295171058,0.2744613207980403,0.709131362337134,-0.00333878807793177,0.28396506201313315,0.6506864089509258,-0.13049588501059745,0.3414620770482759,0.5917771844511795,0.0005551102202107374,-0.005515889395171528,-0.00988016119073075,0.011329199809835213,144.93109656688216,68.71650383419534,0.5671846927326597
200.0378119945526,154,-0.064081956964027,0.27341423531074366,0.7063621090284489,-0.0036376160334133287,0.28307342012828635,0.6486505143625978,-0.13084061315667317,0.34052713877212604,0.590022743133781,0.00015504990324321664,-0.002115426596138054,-0.005594721893969115,0.005983308719011691,145.0809939339507,68.420024675006,0.5681373790591472
200.26782202720642,155,-0.06426581143784292,0.2743866915367174,0.7088631981046681,-0.0034865284039127904,0.2887191529793168,0.6604322673135898,-0.1311638888111677,0.3409714002879923,0.5907861386829854,-0.0007993324103937511,0.004227886126330011,0.010873826012553505,0.011694188537508917,159.60619827319965,67.16080861461211,0.5672706075065936
200.50661492347717,156,-0.06408565158559894,0.2735198423163902,0.7067541474615737,-0.003360305945382549,0.2867607925185014,0.6560761385986356,-0.13146701629774207,0.34090852793943044,0.5909450459781764,0.0007544606856299075,-0.0036301298483533573,-0.008832133099567145,0.00957881144665332,154.9037155697885,66.79587105839653,0.5680074565506685
200.99838781356812,157,-0.06291610752350411,0.2678892306930646,0.6916849152839564,-0.003334295574336817,0.28468171736576364,0.6504795198773893,-0.13207873413241297,0.34144021234831523,0.591437462071687,0.0023782198768186325,-0.011449617774343692,-0.03064266550933834,0.03279821072068194,158.302146013635,59.30297057295792,0.5732586561531512
201.23256921768188,158,-0.061859050105972674,0.2625785415334817,0.6776999703456275,-0.0030240882873006567,0.2835918424436487,0.6460463800877129,-0.1318867271379425,0.34078938889930954,0.5902317694681464,0.0045138401212160405,-0.02267767237830231,-0.05971842636802526,0.06403859793133178,167.87718061456496,51.6995485560326,0.5782290556470413
201.47121357917786,159,-0.060710915337955404,0.2565174794747897,0.6613475437386981,-0.003702994215354305,0.2795374987826328,0.6365036200912091,-0.13056085815819146,0.337047872877256,0.5834825783393479,0.00481107016658615,-0.025397885039887325,-0.06852215784367233,0.07323581825992179,175.49190080214132,46.23025923639591,0.584130454585832
202.0109646320343,160,-0.060560095632300616,0.25599264523917353,0.6590321478423817,-0.003426233496243528,0.2780167472256018,0.6315817976140707,-0.12991920429725293,0.3355873090448068,0.580370315941929,0.0002794245696356256,-0.0009723635235886323,-0.004289747808851733,0.004407437484034231,170.39540673573097,47.70314787876923,0.584934324513122
202.24187994003296,161,-0.06048609752188326,0.2569347233637139,0.6581567620007095,-0.0032910491337246727,0.2794702489055721,0.631107398434082,-0.12972790283212823,0.3357284915661198,0.5794202366098737,0.00032045562963623376,0.004079756048680276,-0.0037909389778408653,0.005578379653718631,172.37374495709858,47.545618140493126,0.5850980727749896
202.47958159446716,162,-0.06056590104794259,0.2578940580729578,0.6591917276871537,-0.0032586766670491918,0.28042768107146765,0.6319501885174678,-0.12970731521578846,0.3360131642173715,0.5792652565406765,-0.00033572978803738605,0.004035877291335422,0.004354053356960174,0.005946326650676764,173.06225068369355,48.04361883200775,0.5846481791129805
202.9637360572815,163,-0.06153947153026379,0.26463063768743594,0.6762776863823271,-0.0027909617682556516,0.280699762213487,0.6327167001030617,-0.12955616221982502,0.33675682447141686,0.5801635173869097,-0.002010867516663897,0.013914112399830494,0.03529030507300247,0.037987520900820505,153.40063124486517,59.07376522172167,0.5784316512546593
203.19543147087097,164,-0.06129341443614836,0.26440940706218347,0.6739146311970821,-0.002540919937992169,0.2823589864932525,0.6335881105258332,-0.12964459526245095,0.3370855510078101,0.5805941566086398,0.0010619851739983098,-0.0009548338563337224,-0.010198972645319392,0.010298473829794713,158.07265315616993,57.09787131461298,0.5792000461109813
203.42120504379272,165,-0.06028099578936517,0.2598177026878676,0.6607367541691583,-0.0029252582950869644,0.27567165597107784,0.6184763234477683,-0.12990235681303175,0.33937486471029804,0.5819999754577482,0.004484221220762926,-0.020337652077230702,-0.058367668356344,0.0619718729854713,140.35890170595152,52.41087583634221,0.5839282432861909
203.9488697052002,166,-0.05839896943614071,0.25060139924073005,0.6371516339066408,-0.003181749054692097,0.26956380072159397,0.6047852701941066,-0.1290733569119967,0.3378050841850056,0.5789368074212999,0.003566709106886976,-0.017466213148620464,-0.04469717604284436,0.04812096800575829,141.11035950427976,41.980203928963014,0.5927158884050224
204.1971435546875,167,-0.05831549642004324,0.2503884167408244,0.6366085544118926,-0.003220727910047271,0.2692885897868029,0.604213776339236,-0.1289313189422268,0.3374220506490147,0.5783010109991763,0.00033621348470588516,-0.0008578531341317758,-0.002187421252257011,0.0023735549797431308,141.08367743346582,42.102060771597955,0.5929226487445683
204.43384456634521,168,-0.0568226545332535,0.24313733846524452,0.6172937310709703,-0.0038295138742925456,0.2604535069212953,0.5837108821408933,-0.1283709738052962,0.33604478429589024,0.5754411488447573,0.006306867369660792,-0.030633913327186874,-0.08160008783085713,0.08738871526552892,123.52014494588005,36.16222628186888,0.6002833457893175
204.98870968818665,169,-0.056397296487032525,0.24544839380432676,0.6205531567600082,-0.0032869582610115973,0.2627577002478601,0.5866743308303882,-0.12850686499567204,0.33669562133712255,0.5756714578296699,0.0007665971953856761,0.004165075886212747,0.005874266665421076,0.0072417219812943205,125.52751478281824,37.55519623231645,0.5989063151517859
205.22712683677673,170,-0.05665559635354198,0.2502237336581532,0.625108919660738,-0.0030782919707558454,0.26677522041248897,0.5904355678601575,-0.12874738627806515,0.3378503366535847,0.5766302683880211,-0.0010833946636680677,0.020029347226347024,0.019108369207797796,0.027703398132582123,126.50969085064634,39.17858176617807,0.5967622513018473
205.46359515190125,171,-0.05661912277248858,0.25269911791482175,0.6281699277049423,-0.0030174883596205734,0.2674083602996718,0.5915085321179248,-0.129565382136178,0.33960627741013266,0.5774882603332742,0.00015424299460245624,0.010468143503137569,0.012944685813795044,0.0166484446757507,122.8511996640241,40.69261322257079,0.5954310132570784
205.958913564682,172,-0.056462291366329666,0.2527842422374819,0.6259532266817188,-0.003179435302802539,0.26343005657402185,0.5823150046573369,-0.12950589151469807,0.3397951563677404,0.5762302848792812,0.00031662745036763255,0.00017185777969018517,-0.004475305108846467,0.004489782161311798,108.26553213555792,42.074808293025406,0.5961516628537888
206.18988800048828,173,-0.05628065639661015,0.252852355061998,0.625554365373842,-0.0033085524730405214,0.26094026116342245,0.5758007743056867,-0.1299575587724852,0.33916532385669995,0.5748857510267075,0.0007863855975466307,0.0002948933473018805,-0.00172686343613951,0.001920266054844285,99.9033695353723,43.61939277383532,0.5962790027266924
206.4268147945404,174,-0.056727923161868116,0.25641268313167076,0.6339109708696712,-0.003113585458370965,0.2648043682416316,0.5834254117817584,-0.13045190897931297,0.3404747280523138,0.5765609054117317,-0.0018877846511507852,0.015027122972378949,0.035270833462553476,0.0383850211522581,104.62084449509413,46.364155223990544,0.593065298792354
206.9191439151764,175,-0.05645256768674679,0.2558890376856255,0.6326525837311685,-0.003202304424115221,0.2633347158695053,0.5800728668170319,-0.13051877625417813,0.34092225679284116,0.5772276371127119,0.0005592914649566684,-0.0010636085173447243,-0.00255598762242036,0.0028243836047725005,100.16008347391879,45.91719021025434,0.593551432138078
207.1616587638855,176,-0.054623778122555644,0.2543314875435685,0.6290358434218645,-0.001583140901521133,0.2630009038665824,0.5792711201926529,-0.12966800490050065,0.3404709469731395,0.5760502548353976,0.007540938519540933,-0.006422493922940191,-0.014913479848989655,0.017903241693948066,102.26295024129968,44.6153512518664,0.5949896976947983
207.39563584327698,177,-0.051269713996004634,0.24776367970635374,0.6136449754796841,-0.00025290991045554196,0.2550159279372768,0.5605933390731646,-0.12712205496015683,0.33781432912426784,0.5714579933974555,0.014335011511700881,-0.028070304383216112,-0.0657793831011502,0.0729408101433956,90.30864326483226,41.225472541270115,0.6010487062752885
207.89066624641418,178,-0.049021992272005974,0.2522002250870713,0.6248468627879749,0.0020113842689998347,0.2619666853142438,0.573116154230039,-0.12749241141807968,0.33884713513996567,0.5735568241855293,0.004540573083499404,0.008962167480222185,0.02262868550557678,0.024758728916898218,100.36286566800179,45.19382635177297,0.5967994717155357
208.12768959999084,179,-0.04859273449465896,0.25757158672132907,0.6378715146303736,0.0028568669011669635,0.2709894745306228,0.5886403947715819,-0.12773816743245708,0.33930508563536965,0.5747366817670178,0.0018110357940243269,0.022661740091026616,0.05495092211741158,0.0594679590717078,116.74942730742283,49.814767466865206,0.5918468450674058
208.36012983322144,180,-0.04862913577927678,0.26001579478444753,0.6410378373892375,0.0029456291950316483,0.2762991406025486,0.594237792125121,-0.1278042979688698,0.33863465643995405,0.5751571474154105,-0.0001566049220993042,0.010515425961966307,0.013622094225498087,0.017209304441248317,126.20367796419787,50.523972945631726,0.5905030510940302
208.8549783229828,181,-0.04793761960529635,0.261659268982775,0.6468988751982141,0.0038937467214021438,0.2830376918503992,0.6088657549776656,-0.12693140292347846,0.3330577225109779,0.5717354397124436,0.001397430098885264,0.003321166442520683,0.01184410568132316,0.01238005641386773,155.9271763290029,52.11550065352001,0.5884228354575641
209.10368418693542,182,-0.04354478424496838,0.254756032428846,0.6346458486672573,0.005275421515176486,0.27838727333404556,0.6018298882063989,-0.12640458174139824,0.329696036798191,0.5691272600899128,0.01766277356920114,-0.02775662963557481,-0.04926713964930995,0.05924234218958555,158.2703820182943,47.85539131282596,0.5933825955590074
209.34390449523926,183,-0.04178666448535901,0.25303506913407203,0.6314412308964495,0.007921536632907114,0.27643548652648614,0.5977052397517655,-0.12543270681154647,0.326566935847978,0.567352411508552,0.007318780714350278,-0.007164104096466548,-0.013340328273804745,0.016818242985003774,155.9399068715559,46.98664482537663,0.5946944835566651
209.8559684753418,184,-0.040015119096898116,0.25136460992177373,0.6276950198607234,0.009013524064502948,0.2756231306371642,0.5960457958231922,-0.12513591259033688,0.32346057882121054,0.5659600227933774,0.0034596172691274806,-0.003262207999796821,-0.007315904225436785,0.008725445966742747,159.63594529096218,45.483860151288795,0.5961828532188136
210.09115862846375,185,-0.038087116697219314,0.24738907470720564,0.6179414895543928,0.008983842598501723,0.2745620256615927,0.5901964350361214,-0.12453997730740608,0.31932769049918736,0.5637241911913826,0.008197632316175733,-0.016903493457511957,-0.04147082765524347,0.04552756102703356,165.00115968320134,41.73035263039381,0.5999840107997602
210.33415007591248,186,-0.03779339383639022,0.24632008714000295,0.6149217778128502,0.008721152389291505,0.2725609348882577,0.5866288367671907,-0.1242577277261675,0.3179995946192802,0.5623457719145261,0.0012087785965844138,-0.004399280626649397,-0.012427234675326275,0.013238239210831818,160.96567029610836,41.65914873492152,0.6011425871108913
210.877854347229,187,-0.037304091931508236,0.24317436044389024,0.6094343283773735,0.008317475096753254,0.26628520663763033,0.5775493634619092,-0.12300999047557169,0.3153507134800902,0.5599877931904856,0.0008999412561118715,-0.005785731071223023,-0.01009270981482138,0.0116682205026799,145.62868465869852,42.56635057283484,0.6034208955804498
211.1080358028412,188,-0.03681682688050108,0.24725688364967452,0.6205101822849652,0.008464792272482409,0.26859009597331135,0.5828401334001182,-0.12338078215413102,0.31300368643539306,0.560679926862586,0.0021168736191681655,0.01773610821482793,0.04811792452235014,0.05132626373374748,146.04059151829426,49.29819766257816,0.5991710130967196
211.3507432937622,189,-0.036411724156161285,0.24793304966791266,0.6258282350073052,0.008401178965665099,0.270323265926388,0.5867488523429626,-0.12422871150351653,0.3091366149734946,0.56012346375757,0.0016690985630584368,0.0027859297447814266,0.021911366238261395,0.02215073960352753,154.25975469447388,52.44148635237746,0.5973235017675481
211.8372004032135,190,-0.03372520612822741,0.24626329428912477,0.6253339474735766,0.008519203223004203,0.2678091509746502,0.5848311155733416,-0.12495087829932386,0.30685850223552175,0.5590331904163971,0.005522620547090311,-0.0034324822195965204,-0.0010160968441516613,0.006581316334266673,151.46187429973102,54.733858595634594,0.5977560947832241
212.08093094825745,191,-0.030793991068375336,0.24870285204634077,0.6332740016012117,0.009196925239210655,0.2668555911271235,0.5833376396173124,-0.1246882723223002,0.3036985680097678,0.5572376293881723,0.012026457575613126,0.010009240970499343,0.03257718119082483,0.0361399131288853,145.2913069684349,62.34201526753751,0.59486416386163
212.3122193813324,192,-0.03135121905633074,0.25677396204268205,0.6536823646643457,0.009377105254396834,0.2689864083847859,0.5873493232042656,-0.12731151477829536,0.3048786531443902,0.5613911714471815,-0.0024092341348295053,0.034896297618678414,0.08823771596273672,0.094918125323504,136.3071726494821,69.20301200674794,0.5871972456463844
212.799578666687,193,-0.028802918955693434,0.2555301080495116,0.6516704585793349,0.010937234931596606,0.2667460028653562,0.5842584239724145,-0.12800470914192358,0.30270822617586846,0.5608988290447923,0.005228791524476854,-0.002552232060717575,-0.004128178420868442,0.007134143702836349,132.45235324779227,69.02376453830306,0.588037806097031
213.03174948692322,194,-0.027749768088169396,0.2591540847713169,0.6605902217995179,0.011205139962202976,0.26991479518183453,0.5873720642751118,-0.1290541329532399,0.30211557982517206,0.5626435638162268,0.004536103488166958,0.015609096432180185,0.03841896759940874,0.04171615032201413,135.883137858986,71.98409938445735,0.5847446763994414
213.2681267261505,195,-0.02571272364748278,0.26449590917656135,0.6739887226611843,0.013647914135740163,0.27241206959441844,0.5946375689866306,-0.1323766114229221,0.31012197055168894,0.5768487779039373,0.008617768983788842,0.022598725760172994,0.056682703061705086,0.06162708150336904,120.9515747790001,70.56274120260979,0.579882918332873
213.75706028938293,196,-0.022200746819733826,0.26328534713740553,0.6692172783854355,0.015199524547008772,0.27397132934631835,0.5971363807463564,-0.13086295042526472,0.303697097720282,0.5695346774568277,0.007182932594217268,-0.0024759233773042435,-0.009758880622152213,0.01236771879615511,141.31075063376116,73.27787398930465,0.5815682716367969
213.99621295928955,197,-0.021807418178352002,0.26542886692960177,0.6746891801452338,0.01640307482132436,0.27747825842880597,0.6047428114162019,-0.1310281716982525,0.3017924295285053,0.5702098948211166,0.001644675936653396,0.008962976633433498,0.02288037077710626,0.02462826173252874,154.62532059398225,74.53575278628578,0.5795923347475195
214.23586249351501,198,-0.02161480280634422,0.2647081512029509,0.6760446456162086,0.016337353025762863,0.2777628689243963,0.6064179963422858,-0.13069537936215736,0.29872335330425914,0.5689662422730818,0.0008037377273872293,-0.0030073737843063567,0.005656032152766583,0.006456081716187312,161.3851646109238,75.69637536874734,0.5792592051958882
214.71316695213318,199,-0.01745406112194146,0.2652779481385217,0.6792025028623881,0.019958212385441366,0.27894373013797985,0.6093452395234602,-0.13039817079254207,0.2973589488480675,0.5700519187502818,0.008717164923303778,0.0011937808777659612,0.006616022937061642,0.011008443876766742,165.95804716110587,76.47440288919368,0.5782423970344314
214.94881391525269,200,-0.016398520862354757,0.266268555982086,0.6816788042912488,0.020713188775654576,0.2807235056889649,0.6102485599937026,-0.13084080859173647,0.29826049942000077,0.5727888099873494,0.004479328931777462,0.004203779375938428,0.010508522563071788,0.012172312647118985,166.35323191966327,76.42937370322811,0.5773604094144585
215.1815207004547,201,-0.016668226290434636,0.2676001479726429,0.6835170750960214,0.020846506240003438,0.2820485394997115,0.6088988702325168,-0.1322900894549603,0.2980503233230602,0.5767288024623289,-0.0011589925401003331,0.005722188072001864,0.007899515277032865,0.009822883571102949,164.512308606961,75.17263121946569,0.5766271465714344
215.662127494812,202,-0.015505175757039209,0.27108599526161214,0.6859238229665614,0.02140992670300422,0.2914173577599025,0.6154222022991573,-0.13232236859541444,0.29632387416127726,0.575787638719509,0.00241996273679555,0.0072530129201164055,0.00500772752028699,0.009140008259530963,170.97038164424916,76.82007094148327,0.5754692353538075
215.90227150917053,203,-0.01377284407129899,0.2747085992384215,0.6886294045542621,0.023293510312992805,0.29401357584092963,0.6149220274913604,-0.1321981859979534,0.2951357112263135,0.5752775592439207,0.007213720026991602,0.015085131255451693,0.011266496043750913,0.020162660407939233,166.94444644402418,77.60635594567391,0.5742081322400269
216.1383137702942,204,-0.012028412017216333,0.2790527790322898,0.6971156450179969,0.024350899950691483,0.2951123569314929,0.6153017753982499,-0.13351354516499647,0.29517649380612015,0.5766474892874324,0.007390337839412531,0.01840424580407019,0.035952207978930756,0.04105964704618855,168.98944698183695,79.78581955567897,0.5711056238324255
216.6751844882965,205,-0.010627748018188384,0.27822345512232916,0.6950982891514678,0.02688752683880824,0.2955466228225176,0.6172040808340369,-0.13328674741807822,0.29397486690633645,0.5756611160122245,0.0026089409462296243,-0.0015447367162182842,-0.0037576194768746264,0.004828300789753463,165.29511768479264,78.82360227617372,0.5718247312367539
216.91597771644592,206,-0.010663910548962627,0.28009984539645844,0.69916945039984,0.02709347778517811,0.2975840923478116,0.6195873525062668,-0.13324878843815424,0.29308916706789867,0.5750516642249546,-0.00015018084624790267,0.007792537558261255,0.016907291287469553,0.018617268719198204,161.8456693326318,80.14103792626645,0.5703645633719876
217.14705610275269,207,-0.010898534038582496,0.28034662034296204,0.6998424940291504,0.02691266977712062,0.29750721674619923,0.6196989476957752,-0.13332829189145176,0.2931127023665714,0.575560620982339,-0.0010153415616655718,0.0010679274269121933,0.0029126204318258397,0.003264160727642884,162.2283798544919,80.14256993286897,0.5701304882678968
217.62718081474304,208,-0.010344826177640315,0.2720741006021028,0.6791896742691405,0.026639351480428702,0.2965457009744633,0.6181012982338289,-0.13386709341824884,0.29497630890443277,0.580124106062941,0.0011532584078973681,-0.017229939501688052,-0.0430155316821618,0.046352311550625844,155.80290822999166,72.12027036927762,0.5774569622804447
217.86632084846497,209,-0.009039256081993241,0.2713687012796179,0.6769815875286562,0.026996817494067606,0.29996617350976335,0.6205122168396704,-0.13140835695499267,0.29482283974107304,0.5810998345335223,0.005459437616226206,-0.0029497333069090957,-0.009233446638432062,0.01112487853830894,145.70612162255998,71.4278273223754,0.5782346782961185
218.10101103782654,210,-0.008795707951836686,0.2659460277429516,0.6719731735608775,0.02689337565031083,0.29948354179096515,0.6198661165574036,-0.13163064017708057,0.2951857562139589,0.5819944890043628,0.001037743123473032,-0.023105667737614237,-0.02134053400955159,0.03147009984420404,140.75917147834903,69.02824553010805,0.5804707638910175
218.57783126831055,211,-0.00858991383468311,0.25884912737520827,0.6533312766988134,0.027781593813366354,0.30065941518448985,0.6166466461022376,-0.13304420801572409,0.29721728640029826,0.5873662496594793,0.0004315968660656005,-0.014883807175168427,-0.039096279205983214,0.04183578659036529,124.55916152668922,55.563984809956374,0.5872703418336976
218.8074996471405,212,-0.008362260474908479,0.2586116261026172,0.6515468493487679,0.028289209015167006,0.30046915781632716,0.6131306235087443,-0.13380641736804266,0.29837556828069456,0.5899283121634203,0.0009912263975319978,-0.0010341052338203379,-0.00776958220864458,0.00790052600164478,127.38930785208969,54.492675219495666,0.5878741450581684
219.04597973823547,213,-0.00870027814475924,0.2599187340192926,0.6537748600057057,0.028259557114390408,0.302219412024428,0.6141255117610238,-0.13586352792927095,0.29873175314346456,0.5919086430076512,-0.0014173831798653216,0.005480993866925764,0.009342543634179159,0.010923982350973683,124.22533391082514,54.719757454360185,0.5869917495768366
219.53843212127686,214,-0.01070619283664304,0.25926001436057244,0.654645295867568,0.028061193940337174,0.30163617511643914,0.6130415332130097,-0.13850677614215662,0.29954782650541284,0.5939929616379784,-0.004073317057570697,-0.0013376311728900906,0.0017675533550807528,0.004637393003535602,128.21653058038723,53.54513991645993,0.5867872507326408
219.7757375240326,215,-0.012297128275239495,0.2613689653891827,0.6576496180036955,0.026231012199794252,0.3017064880709084,0.6136998338868604,-0.13905280911369708,0.3026167171813859,0.596423989561899,-0.006704168637214022,0.008887075490569558,0.012660150595980526,0.016858392598471314,140.4700059358597,54.72791723032349,0.5855517749947803
220.01339960098267,216,-0.014140144181052248,0.2651268292092238,0.6660008777170041,0.024523538246447894,0.3034276255219633,0.6174883588048323,-0.13955819543182288,0.30428856067937676,0.598332894733341,-0.007754774886529009,0.01581179407445198,0.03513921876170013,0.03930539480244709,144.28219514391876,58.10449294683802,0.582420561947005
220.50645327568054,217,-0.014404593967869554,0.26643437860540853,0.6703018731376715,0.023032794956404038,0.29943671553733525,0.6148678997790071,-0.13795706584394973,0.29960040801560456,0.5935180172443868,-0.0005363509094204605,0.0026519412860799185,0.008723178918203787,0.00913314378085916,149.67204540546618,63.521111827021066,0.580903464140167
220.74799036979675,218,-0.014572841571511345,0.2634514260567534,0.668634739813075,0.019005236213966506,0.29266894199842014,0.612836543790404,-0.13698699880625628,0.30048468420718205,0.5951802870859656,-0.0006965704553886941,-0.01234987346175455,-0.006902183412848587,0.014164911605275618,176.23929181814478,65.41907417549292,0.5817970192688052
220.97996401786804,219,-0.01460397878948755,0.25837416933049573,0.6566525808214752,0.01779264059628416,0.2876669676297125,0.6024318081449737,-0.13526469333857682,0.2940762784056634,0.5838870982482379,-0.00013422739278832384,-0.02188721334717026,-0.05165310409705468,0.056099120206636835,170.6857081394584,66.05029891384666,0.5862328945539647
221.46523594856262,220,-0.01446481044889444,0.2511461858258889,0.6363674314829102,0.017398658680445597,0.28536474186555694,0.5957590736459278,-0.13544628965636044,0.29079552210735043,0.5783714501600035,0.0002867842374355239,-0.01489470758026594,-0.04180161277725334,0.04437690153536976,157.22636147647611,58.37045079230544,0.5937234413049485
221.70988726615906,221,-0.01445578782714923,0.24626421479235663,0.6208555785224694,0.016667890423199397,0.2795573188229919,0.582786068343871,-0.13477097491515266,0.2889984429448109,0.5749473755461152,3.6879514215792157e-05,-0.01995481194009058,-0.06340392160089792,0.06646994173335614,170.8726892742856,53.69539656296561,0.5994954515630952
221.94813132286072,222,-0.014192576789243511,0.24212315307932836,0.6099589173165407,0.015597097908584144,0.26907532031768877,0.557591098074535,-0.13275652866451623,0.2828642281538547,0.5643271482918204,0.001104795819672111,-0.017381595034766804,-0.045737389451750224,0.048941283326215175,91.19746494657647,57.766667566683836,0.6037150296375856
222.4301998615265,223,-0.014212357070962026,0.2418418988786788,0.609319444133845,0.015561707312963975,0.26846946276151007,0.5562040966230702,-0.13086455956594056,0.27816878669509976,0.5556978354319652,-4.1032094260416824e-05,-0.0005834319771789976,-0.0013265192216559676,0.0014497343722824343,119.61320331052828,60.92507571797334,0.6039693683055608
222.66249251365662,224,-0.014018383890086458,0.24377420437864006,0.6119490760253542,0.0157174798970929,0.27185346744138345,0.5598230592251362,-0.12874631634265063,0.2724294969390829,0.5457256307207741,0.0008350379536194159,0.008318409911988145,0.01132034038698796,0.014072787155539525,154.02936307615516,65.87045765351202,0.6028215438063772
222.90340995788574,225,-0.01376288094249591,0.24158884724222776,0.6062419381249287,0.01612545156854859,0.2707123088090513,0.5576385222764375,-0.1272019671320692,0.2672574501978389,0.5401058268475192,0.0010605414996331744,-0.00907097924521356,-0.023689184976567048,0.025388676562466767,137.92225517928978,65.38497739233848,0.6050518175475752
223.45605063438416,226,-0.0142817371223558,0.24836556905697338,0.6178908291325429,0.016169695416042084,0.27354531131508353,0.5598226839574039,-0.12827428643706487,0.26904848561301725,0.5449135240699057,-0.0009388671553230856,0.012262437607169288,0.0210785986319769,0.024404019502799995,139.77318997148944,68.22016207700572,0.600206965372577
223.6914665699005,227,-0.014857567461425624,0.2491558981052374,0.6198763909095409,0.015114326008823852,0.2747915147675948,0.5630893078154684,-0.1281888363787202,0.2695337656938245,0.5457201292519559,-0.0024460125768750824,0.0033571603661006017,0.008434270911367779,0.009401618427499196,138.86260590358913,69.08603920041489,0.5994337439922983
223.92945551872253,228,-0.014882645839640309,0.2487304305647011,0.619169736815955,0.016120240398485676,0.2741196891392073,0.5617095012251337,-0.1267112239174961,0.2673986223277192,0.5414315986704937,-0.00010537623002587204,-0.0017877617538219319,-0.0029692727207867634,0.0034675317920231626,137.8237174856138,69.731082931699,0.5997262208103484
224.41174840927124,229,-0.015404831573168049,0.24895892200102906,0.6182245755975039,0.01591842689361488,0.2716309042546771,0.5566521359037887,-0.12634189252175423,0.26672560748745267,0.5401643120351832,-0.0010827149720860445,0.00047376073918074075,-0.001959724551145271,0.002288501969658296,143.2171837768487,69.64758117895501,0.6000067406912304
224.64413166046143,230,-0.015841351143468907,0.24887422244705368,0.6150648050243482,0.015751940372206293,0.26966076028107416,0.5524445155177625,-0.1261218901708147,0.26763715947765143,0.5413232432825785,-0.001878446781621129,-0.0003644821799401874,-0.013597238858533922,0.013731216775905244,151.3240515557528,67.71022971560356,0.6010708974953775
224.88038420677185,231,-0.016859849031606502,0.24708294870675682,0.6086482858309559,0.015719223700657807,0.2700676454237661,0.5526025583851482,-0.12602545666015952,0.2675455093662692,0.5408535795373433,-0.00431105570730796,-0.007582029350672951,-0.027159576874830213,0.028525689937419406,145.58543862968293,64.5691183167598,0.6034620638242789
225.34749269485474,232,-0.017141234536958403,0.25064725624010864,0.6167230568147274,0.015628017037282328,0.27253792642585245,0.5571671590875082,-0.1277661221738095,0.27022182529942007,0.5470965087196181,-0.0006023986130219304,0.00763057753024466,0.017286714306802953,0.01890553064738124,146.86637096359684,65.1965483842548,0.6002646590834498
225.58014559745789,233,-0.017244153889783977,0.256185668200737,0.6234166417894408,0.01637293723504868,0.2862254698757508,0.5732170689089162,-0.12961511996032074,0.2732840063497256,0.5531014942002398,-0.0004423729584888533,0.023805471148905417,0.02877069187540317,0.03734499781021764,116.34795922233363,64.03634843082594,0.5972919676542254
225.81866908073425,234,-0.017249718081397785,0.25982865421226,0.6312528021518721,0.016719709659445227,0.2884951662775773,0.5765518461899295,-0.12951352916457215,0.27260831159615084,0.5518298449534562,-2.3327646977889915e-05,0.015273070648989258,0.03285278352803467,0.03622944405822475,119.61720788512373,67.755237149907,0.5942288732779761
226.29950952529907,235,-0.01731219529258095,0.2622445020992274,0.635225253346244,0.016717216257233256,0.2882168140233184,0.5751078737779044,-0.1280836154318742,0.27145013797558615,0.5462604632738092,-0.00012993335292273706,0.005024219393927768,0.008261474755866647,0.009670141071170757,126.46838007730585,71.75501781767373,0.592611298035472
226.5296540260315,236,-0.01733151998169797,0.26237370864645426,0.6353882005207199,0.016637528755607357,0.28776607129344245,0.5742396152013151,-0.12796747104381517,0.27076365810729247,0.5440483410582109,-8.396763361939264e-05,0.0005614148798501603,0.0007080211517428263,0.0009074861883952001,128.06268125313892,72.7401635775379,0.5925409467584045
226.76539134979248,237,-0.01733494309472958,0.26434116162252025,0.6381203091174396,0.016765693334838676,0.2910413539754676,0.5778067432588984,-0.1288136937928623,0.2726961710144841,0.5477395906868053,-1.4520878480326956e-05,0.0083459544915373,0.011589631005948658,0.014281971645566657,124.73247156493817,72.18612290616329,0.5913930640088914
227.24752712249756,238,-0.017298945254356553,0.2677718642062424,0.6452294604645862,0.018919125541511345,0.29360331112884486,0.5813423533346754,-0.1296003809199938,0.2747912181854828,0.551500104984819,7.466328451642888e-05,0.007115635839410511,0.014745123157445703,0.016372431246867387,125.75836121032384,71.8120223758107,0.5886506533099579
227.47982382774353,239,-0.017342380736749957,0.269008768373434,0.6462705181247661,0.01960919748806063,0.2935255134242925,0.5810329441839552,-0.1306944497901537,0.27884609782892583,0.557146849382273,-0.00018698277423871305,0.005324673743787772,0.004481585991835654,0.006962163890477045,127.83024152884126,69.50198053649937,0.5881532487185978
227.71063947677612,240,-0.017895799766974932,0.2703292755513795,0.6480644945618614,0.01974931429046124,0.2943334978583174,0.5827988636544725,-0.13085774473554942,0.2792560726152682,0.5578638584115397,-0.0023976668503391993,0.0057210470064748414,0.007772334521573158,0.009944263124573288,128.64679271682337,69.424521688143,0.5874011012757911
228.22127413749695,241,-0.017971889949374528,0.27343872695946625,0.6534258989081932,0.019994694341779067,0.29827651857726173,0.5879782760635349,-0.13086532791983418,0.2802027987211701,0.5597384997020479,-0.00014901100190140915,0.006089385714039445,0.010499491630206834,0.012138457362688997,126.59830421520014,70.48430755012154,0.5852882302350753
228.4583671092987,242,-0.01779378014413274,0.2750060584589953,0.6546494931726999,0.02010094898608526,0.300712773616679,0.5895999484488489,-0.1303533106386638,0.280780192325484,0.5589277236534229,0.0007512234710639727,0.006610619824022191,0.005160820479865515,0.008420136530165762,125.41859174974502,71.2996399963507,0.5846963971305246
228.69353032112122,243,-0.016829501644261134,0.27443296507214116,0.6498245555140065,0.020665443626894618,0.30060495910198753,0.5873198868700548,-0.13088915285112082,0.28526510644751624,0.5632904618832251,0.004100464917103605,-0.0024370027199946266,-0.02051739989984082,0.02106457911859733,124.72667451266227,68.05095591976963,0.5863046031603455
229.2363646030426,244,-0.01698129838674715,0.2745980979292034,0.64794643640341,0.020718066887213674,0.2996570189305973,0.5855412350192271,-0.13121300404366115,0.2886181596770243,0.56479188433009,-0.00027963735442191457,0.00030420491586819365,-0.0034598388000640916,0.0034844256633275155,130.10856563526565,66.64038787766063,0.5868762156271959
229.47452569007874,245,-0.017593324629981557,0.27736391594183146,0.6506604136469253,0.020634043012527085,0.3013613104941717,0.5867350012505538,-0.13033658093409323,0.28816880515171406,0.5613199351962378,-0.0025697995035668963,0.011613223835380052,0.011395552805415035,0.01647208126133958,131.9910085745615,68.67642370546338,0.585641117019846
229.70764589309692,246,-0.01836191972889348,0.2778521710912464,0.6512117786315538,0.020058719077594548,0.30129631536621526,0.5866807599772903,-0.13046946856879296,0.28984660141120266,0.5626441590712433,-0.003296990518028834,0.0020944351587443635,0.002365153159142839,0.0045662626486394665,134.56333669324616,68.30366738718679,0.5853949641688073
230.1789858341217,247,-0.018563671562107333,0.28087942434216834,0.6573212844431919,0.020062074162485045,0.30241761255211536,0.5888034921678528,-0.13097212740388808,0.291727532479349,0.5652879868398076,-0.0004280389070682325,0.006422653773707674,0.012961994687645109,0.014472284031396896,138.10334228834097,69.43830827057968,0.5830703774583775
230.4189648628235,248,-0.018776645397109208,0.2813817927924489,0.6580859990441562,0.020078650257981032,0.3030125406497133,0.5897882768272246,-0.13052457802889308,0.2907826662199091,0.5629004004029744,-0.0008874685265375159,0.002093384796989284,0.003186589282826774,0.0039146151217312524,137.96807038541735,70.48661774787263,0.5827625693400804
230.65768265724182,249,-0.0191652548068965,0.278891969789546,0.6523564328867456,0.019911932636107563,0.3016324081428995,0.5877550649996663,-0.1299707734401296,0.28922447453881933,0.5594969335640286,-0.0016279029836639817,-0.010429984949256338,-0.024001420469602575,0.026220275336551926,136.90141652510223,69.50730317200129,0.5848876047373073
231.14825987815857,250,-0.019658465675989757,0.2794947608343518,0.6531856878992855,0.01958809094798194,0.30194380612199173,0.5883756113742185,-0.1309623943515991,0.2932275044384572,0.5640441980708674,-0.0010053684681314533,0.0012287383496514038,0.001690365914239358,0.002319030101710476,141.1856625878331,67.98302150395342,0.5845414070427661
231.37839674949646,251,-0.019920970977498464,0.2787030823037642,0.6512717445895063,0.01969338259458918,0.3010912756130875,0.5876649634421629,-0.13104453177104,0.29425811081530917,0.5644882999827484,-0.0011406486061214072,-0.0034400334287383125,-0.008316543536255645,0.009071924030982585,144.18197492874683,66.82636068221372,0.5852471406027281
231.60528540611267,252,-0.020062404965420038,0.27700365744512245,0.6473395198244687,0.01960616495523521,0.2995569865485626,0.5849668373185786,-0.12983525259584436,0.29254507787810735,0.5593422167265001,-0.0006233629747335237,-0.007490127025241295,-0.017331076941801925,0.01889065409707078,144.81676735128053,67.27378547034537,0.5867160929098266
232.07670640945435,253,-0.020479739723216178,0.2762002175529443,0.6454631800032791,0.01964142646358709,0.29852498238459635,0.5832614308604135,-0.13015943682366543,0.2943983817972186,0.5612586398176905,-0.0008852697585339994,-0.0017042937978641818,-0.003980178668088944,0.004419292038859103,149.6341178160635,65.53318070231823,0.5874151188180425
232.3093318939209,254,-0.021167894177678056,0.27595209311861385,0.6450759513985134,0.01940081353836041,0.2965939441539539,0.579671894651407,-0.12868875230411195,0.29082867859445083,0.5538520297231684,-0.002958207506971669,-0.001066626190588987,-0.001664600960009502,0.003558030275421848,149.8970557282709,68.07985120133112,0.5875645682909516
232.546395778656,255,-0.021682446560660765,0.27588870787358527,0.6449373058515021,0.019385665137284482,0.2964124941551215,0.579347674408148,-0.12918381501715226,0.29206774929714197,0.5551169687221575,-0.00217052202429596,-0.0002673762184375147,-0.0005848446597683297,0.002263779842696571,152.45893792699184,67.21079349213841,0.587611738877025
233.02314949035645,256,-0.021702168093906037,0.27535981477099153,0.6437294723912363,0.019381858116137494,0.2962426508276891,0.5790500459984287,-0.12895125509977182,0.29127929218808124,0.5535781856936347,-4.13662919894851e-05,-0.0011093633664798043,-0.002533453711262733,0.0027660054150545834,151.080166768935,67.32034064277153,0.5880669269936674
233.25936794281006,257,-0.021607922864820203,0.27505769857339357,0.6433316320817178,0.02022288891944516,0.29404169324181567,0.5761799017231817,-0.12884172893321175,0.2912076904856693,0.5524014585364285,0.0003989748815425015,-0.001278969506657335,-0.0016842050457367605,0.002152089819488565,157.41758179487476,67.14332299415081,0.5882354847475538
233.49174976348877,258,-0.021519817577554112,0.27641821892952095,0.6464676248859341,0.021414163946229907,0.29549227266006545,0.579026373105058,-0.13035831720969637,0.29583209045624553,0.5593028365669943,0.0003791401883708644,0.005854676377669082,0.013495000577313133,0.01471516304195628,165.1948392200973,64.92299294145333,0.5870565259338814
233.98880219459534,259,-0.021379490594643887,0.276522164207346,0.6448475144455444,0.021507164670970295,0.2954849266822607,0.5785427068838291,-0.1321807252678811,0.3050768983732605,0.569456500053202,0.0002823182709273162,0.00020912336671128604,-0.003259435703358078,0.0032783162283296315,149.40913266133649,60.48823605693063,0.5875573666178034
234.23381352424622,260,-0.021435274699092132,0.2774493805177043,0.6433283484825917,0.021762028400194432,0.29719199526345286,0.5776900026739522,-0.13278972142802487,0.3091158928505019,0.572656218372521,-0.00022767969353797913,0.00378438136587198,-0.006200390672208706,0.0072676147980765575,129.62765855402006,58.51613091233336,0.5879121596457049
234.4696090221405,261,-0.02155449453271109,0.2753578247940838,0.6389979005604077,0.02150002104628211,0.29543920665221496,0.5740676346832742,-0.13317541850347667,0.30958491300067986,0.5737488104141628,-0.0005056069122761963,-0.008870210594767843,-0.01836526973948163,0.020401456000717026,108.47673789124977,56.5701983880217,0.589575485492528
234.97101306915283,262,-0.021819686975452047,0.2742897406346577,0.6384082337943326,0.021473602601448274,0.29376023582658756,0.5733052921998149,-0.13340185931632823,0.31080429525644815,0.5759544033141106,-0.0005288996854355965,-0.0021301865547165098,-0.0011760311261719465,0.002490076072105855,97.81583816708057,55.39625921100192,0.5899076558783799
235.2035734653473,263,-0.02182818708007992,0.2735066852130722,0.6368554802499401,0.02157928289762513,0.2932033006416882,0.5726471458837287,-0.13299644997872553,0.3130286338107298,0.5788958364975436,-3.655009523103169e-05,-0.00336710563964967,-0.00667677545188819,0.007477838373016547,89.55979053200642,53.62478316050027,0.5905119101419748
235.43669247627258,264,-0.021799122404060338,0.2724882642483903,0.6347089530194894,0.02171331017275138,0.29106639750904456,0.5693061395832205,-0.1318653283309403,0.3121249592192745,0.5773420564509494,0.00012467741650163883,-0.004368674011783108,-0.00920786006225213,0.010192425815547173,84.97079113269491,53.36897495028465,0.5913408768233208
235.96345138549805,265,-0.021563390177055313,0.2710289858710807,0.6300739454525979,0.022762569396132522,0.2901513655338949,0.5656639851472253,-0.13215117524911058,0.3138026754765967,0.5786657201697399,0.00044751445656921287,-0.0027702965279795184,-0.008799106167386382,0.009235750179964315,77.7366577222522,50.66731380285399,0.5930380752333498
236.20437169075012,266,-0.021053813786766986,0.27162167275155885,0.6296976335322382,0.02451783612630885,0.2897792979869538,0.5639302106073307,-0.13166499225398792,0.3151962004652179,0.5808429605909895,0.0021151242928866324,0.0024600951748671197,-0.0015619767705588776,0.003600776371219018,71.79388333987302,49.10071453102254,0.593082711704423
236.43857049942017,267,-0.021048390558875522,0.2716923594007565,0.6296792710292278,0.02492947691000637,0.28949000711339157,0.5635119818774645,-0.13059368121253323,0.3155610772584665,0.5808776414503483,2.3156513571784238e-05,0.00030182326545142674,-7.840562091082194e-05,0.00031269945487476334,71.38790892200791,48.83436868338784,0.593078853542591
236.91749906539917,268,-0.020647117904541417,0.2725815322516613,0.6290932179667013,0.0260272284912543,0.29270160658380096,0.5649501434991904,-0.13028783189993684,0.3155760172467803,0.5807077686731832,0.0008378549179121152,0.0018565876292787708,-0.0012236753122641315,0.0023761943856732775,72.85332203513114,48.20175874903326,0.5931482046982822
237.15074229240417,269,-0.02050921965262315,0.26875452210388856,0.6202944201901711,0.025742628330430176,0.2906339562462651,0.5611094804245471,-0.13015523115891012,0.3152949621018299,0.5800530544625461,0.0005912208199525099,-0.016407808264848948,-0.037723701088826646,0.04114174689962899,72.75830579677563,45.06488382982188,0.5965432216675871
237.3838827610016,270,-0.02052238198357101,0.2692652253275486,0.6207055878591539,0.02557333703956176,0.29033275389185154,0.5606500349530045,-0.13039446312127048,0.31613751663972456,0.5809995533483445,-5.64566547671685e-05,0.0021905387199933984,0.0017636048835981116,0.0028128187682659052,71.07175374854849,45.05837451037963,0.5963367095378971
237.85564255714417,271,-0.020428232793083444,0.2679822023801342,0.6162883307889355,0.025318144189884186,0.28930770001054706,0.5574413501803429,-0.13042365416480467,0.3162292752953129,0.5806998354313948,0.00019957018647496317,-0.002719653005417674,-0.00936336056259302,0.009752377236055286,69.0950826981934,43.64549274930292,0.5979639957176227
238.09480047225952,272,-0.020194631344244447,0.2702828871292101,0.6174977294100159,0.025779679620269447,0.29185183088417266,0.5580541395387922,-0.1307382924840896,0.3170661216218935,0.5810083831276536,0.000976766538236131,0.009619939812429739,0.005056904014642524,0.010911901441925519,67.62948790817558,43.937975179479906,0.59724241207127
238.33654832839966,273,-0.019796518995618812,0.27108473509064496,0.6178129980638412,0.02598121053300599,0.2917249120365458,0.5567858008829938,-0.13108472769447133,0.3173993142795917,0.5813106468908025,0.0016468081867698388,0.003316877238282628,0.0013041218187370234,0.003926115833232066,64.99802965583999,44.25098741491299,0.5970289887798391
238.8126745223999,274,-0.01984233107725014,0.27208651460229477,0.6186756501436911,0.026108277792349466,0.2926191614307367,0.5573652344602893,-0.131570011026605,0.317309045295187,0.5810987385378928,-9.621836019235253e-05,0.0021040210017290086,0.0018118139491596244,0.002778278628022078,64.64698593671893,44.58954835668771,0.5966038609742375
239.04479384422302,275,-0.019876196830790397,0.27430171274062004,0.6211764281886998,0.026496949284610702,0.2943399579615048,0.5592816696464356,-0.13087565437335325,0.31514835248072964,0.5768722493324874,-0.00014589803758802082,0.009543359514092057,0.010773674614275957,0.014393368672651917,67.72937285690384,46.780649033422065,0.5954736455873356
239.28558254241943,276,-0.01939734251539346,0.27590035657757195,0.6211077907641072,0.026851383767039723,0.29516823569048495,0.5585509756197978,-0.13049445390019915,0.3151975378451276,0.5750784534299681,0.0019886909933220266,0.006639197972854585,-0.00028505251744263284,0.006936504633270057,67.5908964908677,47.52788984425983,0.5952714066328493
239.77564978599548,277,-0.01929018596116515,0.27827659601389854,0.6245436456652292,0.0267305775853925,0.29663232007401763,0.5613935143567699,-0.13064174131322367,0.3166410091151698,0.5760684229930612,0.00021865683869499612,0.004848802827520215,0.0070109866475678816,0.00852717030706267,69.95013881447498,48.58983922564933,0.5938219750214899
240.02032613754272,278,-0.01870328989319022,0.28130981332749466,0.6272045410135794,0.026970787292842698,0.29866179177829544,0.5634478599819414,-0.13054123403449402,0.3186171768572799,0.5770555663689586,0.0023986628223921836,0.012396855251499382,0.010875163584562307,0.016664476783059958,70.93449839898635,49.44529522464057,0.592537870379988
240.24853372573853,279,-0.01817356346750248,0.28438352955973156,0.629123434248668,0.027244242386457253,0.30350357341188205,0.5662582991080298,-0.1301734167603727,0.31833495106663284,0.5752423246054835,0.0023212480788905123,0.013468948410250363,0.008408542635498381,0.016046942175216208,75.71166098700981,50.88683915183005,0.5914876846187155
240.72021198272705,280,-0.01811433458070264,0.2849244745527291,0.6285568795348419,0.027144449731257642,0.30450543590971785,0.5668522338649277,-0.1303547564759282,0.31875102533134975,0.5760293016818513,0.0001255705259300955,0.001146851662086939,-0.001201146555797132,0.001665469825700018,74.81618295272891,50.40619768419787,0.5915907412907736
240.95586967468262,281,-0.01787627116671721,0.2844198564169515,0.6270174330881365,0.02704709679919725,0.30426318000744834,0.5659323292081007,-0.13008163826262106,0.3178166800519419,0.5743810943803066,0.0010102085444778101,-0.00214131833164508,-0.006532553357076943,0.006948382463842392,76.0583100615373,50.59058187035798,0.592156883677762
241.18973565101624,282,-0.017626206406804564,0.28179143097013076,0.6197770447391415,0.02677609992487217,0.3015279835292672,0.5599882553216858,-0.13013829708074823,0.31784537258536044,0.5743004123336314,0.0010692652425674702,-0.01123902453887176,-0.03095956266278902,0.03295380889996609,67.01394453754318,48.188947858090955,0.5948632963470005
241.71551775932312,283,-0.017694871957406762,0.2815760558116642,0.6195338102649472,0.026627429890601843,0.3008656809254757,0.5591602061960277,-0.12949133037833133,0.3164527163453396,0.5714593653920298,-0.0001305969707172311,-0.0004096281616734411,-0.0004626145894875271,0.0006315560608554029,69.44322495530966,49.21184696155658,0.5949725440751137
241.94487857818604,284,-0.018012253649018567,0.28167136818315636,0.6198963090480131,0.02629907921223511,0.3011453860464965,0.5597644712345454,-0.12927665748525566,0.31594433602374344,0.5699102685329858,-0.0013837659508945947,0.0004155564667263219,0.0015804738789430399,0.0021413530923027487,73.5112442540543,49.88215294584142,0.5948388898951193
